horizon,stock_weight,bond_weight,t_bill_weight,iteration
1,0.0,0.24,0.76,0
2,0.2020227629861229,0.5978242252010896,0.20015301181278752,0
3,0.1514856606739029,0.6084566024360685,0.24005773689002863,0
4,0.4105541620526164,0.07399625093656967,0.5154495870108139,0
5,0.38654117272455024,0.15576017340386214,0.45769865387158754,0
6,0.0031017124692399654,0.20770155661696107,0.7891967309137988,0
7,0.7116299204889954,0.27941625958876176,0.0089538199222428,0
8,0.2697768717810681,0.005616948529362178,0.7246061796895698,0
9,0.04372830770692908,0.41269939168104997,0.5435723006120208,0
10,0.08230384372892716,0.06288142129755901,0.8548147349735139,0
11,0.6104000794439199,0.1518759438515417,0.23772397670453832,0
12,0.47946158531118827,0.25921226272995673,0.26132615195885495,0
13,0.5336036380223768,0.322794938433169,0.1436014235444541,0
14,0.15516821325110605,0.761518244252374,0.08331354249651997,0
15,0.6703956070851631,0.043779804762316646,0.28582458815252026,0
16,0.07213997898524267,0.803352160281602,0.12450786073315537,0
17,0.4635218597341542,0.0940905651252962,0.4423875751405495,0
18,0.4387965574661769,0.23765205527058345,0.3235513872632396,0
19,0.6644009478412498,0.14080934515741553,0.19478970700133463,0
20,0.0466567618758849,0.06253013539794446,0.8908131027261706,0
21,0.49181828603601974,0.09000975030049503,0.41817196366348514,0
22,0.44619308300153665,0.10656740010898529,0.4472395168894781,0
23,0.01394820544535992,0.12361996070826957,0.8624318338463705,0
24,0.25834091675995513,0.019802076968629997,0.7218570062714149,0
25,0.2987700584240366,0.2649972165729472,0.43623272500301624,0
26,0.020579539731402103,0.6597375627772629,0.31968289749133494,0
27,0.18384479261198244,0.22962531714278298,0.5865298902452346,0
28,0.08393105976051157,0.45928857160779485,0.45678036863169347,0
29,0.5321459193392334,0.17669505914378805,0.2911590215169786,0
30,0.08802073842445868,0.11148296706963133,0.8004962945059101,0
31,0.08771800463931871,0.4776474251164765,0.4346345702442048,0
32,0.11976223578269231,0.08681891532018647,0.7934188488971213,0
33,0.6905019499298817,0.07098137151365988,0.2385166785564585,0
34,0.47094025193103417,0.04904044123488632,0.4800193068340795,0
35,0.17197138729496889,0.35045354210955654,0.47757507059547466,0
36,0.1988007554853923,0.7370732978236667,0.0641259466909409,0
37,0.018512797242266944,0.5819506095022151,0.3995365932555179,0
38,0.018650210984450265,0.904426716788234,0.07692307222731563,0
39,0.4864456488856501,0.4981298060292306,0.015424545085119241,0
40,0.24886500400379094,0.6764550580004262,0.07467993799578296,0
41,0.26753298837776807,0.4274512019627314,0.3050158096595005,0
42,0.3468202553850032,0.5073301123813619,0.14584963223363484,0
43,0.7832431821028107,0.10866663481085818,0.10809018308633103,0
44,0.699258440355145,0.19662236651060672,0.10411919313424842,0
45,0.7572911487530274,0.02621508133222357,0.21649376991474908,0
46,0.7011591466650631,0.23827786268091705,0.06056299065401989,0
47,0.1359392173226296,0.4934927654065758,0.3705680172707948,0
48,0.0576690804632556,0.2067812648078433,0.7355496547289012,0
49,0.5399141499313985,0.23239294458710694,0.2276929054814945,0
50,0.5875338771978716,0.34222695843634654,0.07023916436578183,0
1,0.0,0.24,0.76,1
2,0.22315400248884687,0.5206936934702727,0.2561523040408804,1
3,0.2047877281145814,0.515431531755231,0.2797807401301876,1
4,0.3914050474686244,0.11555286247111812,0.4930420900602575,1
5,0.39418232941128856,0.17174481414035966,0.4340728564483518,1
6,0.08803610549944818,0.19994852283584413,0.7120153716647077,1
7,0.6340739513856919,0.3371346976635584,0.028791350950749695,1
8,0.2993223300138331,0.05318415135609744,0.6474935186300694,1
9,0.12198223731984092,0.35465991259122004,0.5233578500889391,1
10,0.14250973676088136,0.11043601537214448,0.7470542478669742,1
11,0.5545691302565313,0.19128345176500652,0.2541474179784622,1
12,0.44997866091017596,0.27125717933748567,0.2787641597523384,1
13,0.5146941929697655,0.32517241960236565,0.16013338742786887,1
14,0.21192224398520842,0.6283198401956801,0.15975791581911147,1
15,0.6026567836931324,0.09389077860881953,0.3034524376980481,1
16,0.14518594990158568,0.6510984075285358,0.2037156425698785,1
17,0.4473468503310365,0.14240176683309014,0.41025138283587337,1
18,0.4378870153387744,0.24040902245598966,0.32170396220523595,1
19,0.5966353836823919,0.18725686438326275,0.21610775193434537,1
20,0.11266851571181744,0.10940777638797383,0.7779237079002087,1
21,0.4683374170558606,0.14130067346147507,0.3903619094826643,1
22,0.44204254841002705,0.1318862579138291,0.4260711936761439,1
23,0.09580498490339313,0.13666322380431878,0.7675317912922881,1
24,0.2802517509787875,0.08038351159672387,0.6393647374244886,1
25,0.32292117268651543,0.25705287736605203,0.42002594994743253,1
26,0.10010825651468772,0.5442834682235619,0.35560827526175043,1
27,0.21989026207911586,0.24568803975303946,0.5344216981678447,1
28,0.1505717685131861,0.3985936728459083,0.4508345586409056,1
29,0.4878780937749028,0.21369714976257284,0.2984247564625244,1
30,0.1541068329663847,0.13513243422065527,0.71076073281296,1
31,0.14352563747725577,0.43549744357707587,0.42097691894566835,1
32,0.16961889354947146,0.1391814578901741,0.6911996485603544,1
33,0.6161255916139675,0.13401706921322434,0.24985733917280814,1
34,0.46251689278367386,0.09524296441380205,0.44224014280252416,1
35,0.2241551938071576,0.3268355673967705,0.44900923879607196,1
36,0.2465289814987732,0.6299449424151236,0.12352607608610322,1
37,0.10329085169815137,0.49478900894344946,0.4019201393583992,1
38,0.10446183339265175,0.7370733937541636,0.15846477285318472,1
39,0.4798102279905838,0.48340394430464023,0.03678582770477604,1
40,0.29089456790901125,0.5888528230281206,0.12025260906286817,1
41,0.29633240992011034,0.4151003954288499,0.28856719465103975,1
42,0.3609388272781781,0.4864154862670711,0.15264568645475074,1
43,0.6792507667654271,0.19923525236920514,0.1215139808653678,1
44,0.6132144536022914,0.269180845709315,0.11760470068839357,1
45,0.6607657385860747,0.1106279621913331,0.22860629922259224,1
46,0.616950974985091,0.3076009017257631,0.07544812328914591,1
47,0.19779915677824075,0.4528909203126959,0.3493099229090633,1
48,0.12553750876372488,0.22389525593030635,0.6505672353059687,1
49,0.5016011152838813,0.28828331326328743,0.21011557145283127,1
50,0.5608767366343808,0.35556036073844216,0.08356290262717725,1
1,0.0,0.24,0.76,2
2,0.2423829965131657,0.46054977684222387,0.2970672266446105,2
3,0.24700238561851973,0.4472042589779726,0.30579335540350766,2
4,0.37889429671167746,0.14798534135113023,0.47312036193719226,2
5,0.4025455435443406,0.18430395506085992,0.4131505013947995,2
6,0.15805293674879115,0.1954601603981957,0.6464869028530131,2
7,0.5743326789281398,0.36689153056884616,0.05877579050301407,2
8,0.3164779458500542,0.09039219908782573,0.5931298550621201,2
9,0.18636081668518312,0.3142561575000018,0.4993830258148151,2
10,0.19303444720969223,0.14690066384423017,0.6600648889460776,2
11,0.5122595276154583,0.22005369135174768,0.267686781032794,2
12,0.4288505936578343,0.27745159190763363,0.2936978144345321,2
13,0.5018265948317947,0.3229772851853674,0.1751961199828379,2
14,0.25970300636985244,0.5301789434127435,0.21011805021740404,2
15,0.5510643649322529,0.1370770634528238,0.31185857161492336,2
16,0.2062726766527421,0.5407306704222528,0.25299665292500517,2
17,0.44049862485791436,0.17522239813608578,0.3842789770059999,2
18,0.44012456257259336,0.2418806740009417,0.317994763426465,2
19,0.5447976317186408,0.22293473508853254,0.23226763319282664,2
20,0.16905084107834153,0.1449735735877266,0.6859755853339318,2
21,0.4531692115252895,0.18266735120218475,0.3641634372725258,2
22,0.4422320156847517,0.1525283761208881,0.4052396081943603,2
23,0.16487938795896784,0.14742345774762688,0.6876971542934053,2
24,0.30305219915706516,0.12524881028275348,0.5716989905601814,2
25,0.34607559099116514,0.2508106598828468,0.4031137491259881,2
26,0.1676074677150503,0.46047199082516876,0.37192054145978093,2
27,0.256950274289922,0.25036937083085925,0.49268035487921874,2
28,0.20784966821999623,0.35415038247966796,0.43799994930033587,2
29,0.4582628801042321,0.23913408122323485,0.302603038672533,2
30,0.21089395659616475,0.15336678151970376,0.6357392618841315,2
31,0.19247330018124098,0.40387815731993093,0.4036485424988281,2
32,0.21338717692360504,0.1790094114506486,0.6076034116257463,2
33,0.5595857327948526,0.18777380717289766,0.25264046003224977,2
34,0.459290988255238,0.13329809275514815,0.4074109189896138,2
35,0.2691765861430884,0.30966201402035554,0.4211613998365561,2
36,0.28779193389008656,0.5493996340393097,0.1628084320706038,2
37,0.17382882696047738,0.4328553517885926,0.39331582125093,2
38,0.17565945696986057,0.6171758469387534,0.207164696091386,2
39,0.47687273908347666,0.46727858534215755,0.05584867557436585,2
40,0.32653038882933294,0.5237003110795563,0.14976930009111078,2
41,0.32143674695576013,0.4064820445713892,0.2720812084728506,2
42,0.3738283205025814,0.4703857087717431,0.15578597072567546,2
43,0.6063339254665124,0.27904507168433146,0.1146210028491561,2
44,0.5499017500286774,0.32348635421898364,0.126611895752339,2
45,0.5863134502310108,0.1853886188961391,0.2282979308728501,2
46,0.5560245602032163,0.3596653808450684,0.08431005895171528,2
47,0.24646873946690545,0.426586006328715,0.3269452542043796,2
48,0.18683516231970684,0.2468452325843885,0.5663196050959046,2
49,0.47185195216632586,0.3319494176885532,0.196198630145121,2
50,0.5355797344189734,0.36988020663802623,0.09454005894300034,2
1,0.0,0.24,0.76,3
2,0.25988283017063313,0.41349235871025664,0.3266248111191103,3
3,0.2754840673516014,0.39862060856934634,0.3258953240790522,3
4,0.3724479675444339,0.1723149690163679,0.45523706343919823,3
5,0.41134758585997433,0.1941077186639403,0.3945446954760854,3
6,0.21601280635753414,0.19320425724867132,0.5907829363937945,3
7,0.5288548868139958,0.3775992735618128,0.09354583962419138,3
8,0.32909008040744003,0.12122511983703375,0.5496847997555262,3
9,0.2401134317166318,0.28531951434179514,0.47456705394157306,3
10,0.23589694357653473,0.17500441167751285,0.5890986447459523,3
11,0.48099887208303344,0.2396384167159191,0.2793627112010475,3
12,0.41474052861231564,0.2793525111347799,0.30590696025290454,3
13,0.4939882019961227,0.31765854433080815,0.18835325367306915,3
14,0.30041696566844145,0.45700982764299986,0.2425732066885587,3
15,0.5130115818680536,0.17087484109501783,0.31611357703692855,3
16,0.25786177275728434,0.45985598536025674,0.282282241882459,3
17,0.44151643845271404,0.19422079412161403,0.36426276742567193,3
18,0.44497641640893704,0.2421478853226834,0.3128756982683796,3
19,0.5079107281339686,0.24583329075765178,0.24625598110837957,3
20,0.21815814022288976,0.17144664439260351,0.6103952153845067,3
21,0.4449591532711611,0.21454047113078203,0.3405003755980569,3
22,0.44607447506258285,0.16891361530363452,0.38501190963378257,3
23,0.22376039130740377,0.15636590396679229,0.6198737047258039,3
24,0.32808536566620883,0.15476038317214227,0.5171542511616489,3
25,0.36841835269918743,0.24577332250508663,0.3858083247957259,3
26,0.22546722054115687,0.39910267279174927,0.37543010666709387,3
27,0.2938158336126868,0.24818343628097073,0.45800073010634246,3
28,0.25764139912253403,0.3213695269030616,0.4209890739744044,3
29,0.4444171412169293,0.2536792104438913,0.3019036483391794,3
30,0.2602569871376769,0.16764256575046915,0.5721004471118538,3
31,0.23705342612650937,0.37781233262932584,0.3851342412441648,3
32,0.25242850632736014,0.20934847843658094,0.538223015236059,3
33,0.519138951341696,0.2273046663909108,0.25355638226739324,3
34,0.46034904685548217,0.16407653144374545,0.3755744217007724,3
35,0.3085954967229235,0.29717479678603803,0.39422970649103845,3
36,0.3240059166383016,0.4883756228589946,0.1876184605027038,3
37,0.23326535557578842,0.3884981968488962,0.3782364475753154,3
38,0.23536185029125112,0.5305651023635154,0.2340730473452335,3
39,0.4771559199255823,0.4508622098661508,0.07198187020826685,3
40,0.3573439642359555,0.47485196923632544,0.16780406652771906,3
41,0.34412738348696315,0.40006898737557656,0.2558036291374603,3
42,0.38633424175438225,0.4575912782468695,0.15607447999874824,3
43,0.5519947273819834,0.3375704876786813,0.11043478493933528,3
44,0.5061370832805223,0.3625682323243222,0.13129468439515546,3
45,0.5328909506105468,0.24704603110361173,0.22006301828584146,3
46,0.5141010822527714,0.39646519183133444,0.08943372591589416,3
47,0.286530376712838,0.4109512061565526,0.3025184171306094,3
48,0.23834214274042642,0.26906350668075685,0.49259435057881673,3
49,0.45215684681525264,0.36386059296709966,0.18398256021764775,3
50,0.5131367976455884,0.38535474901647687,0.10150845333793475,3
1,0.0,0.24,0.76,4
2,0.2760168917027223,0.3763459961297761,0.34763711216750154,4
3,0.2964117756805294,0.3626316201169335,0.34095660420253715,4
4,0.3709098151988992,0.18993588784398768,0.4391542969571131,4
5,0.4205506457671835,0.201490147064913,0.3779592071679036,4
6,0.26439731680610346,0.1922508502522441,0.5433518329416525,4
7,0.49492109523683286,0.3760129530851596,0.1290659516780076,4
8,0.3415527849402855,0.14515830605569374,0.5132889090040207,4
9,0.2853360833975868,0.2644522198732704,0.45021169672914274,4
10,0.2729262885879902,0.19625834045311275,0.5308153709588971,4
11,0.4589390130833172,0.25163573961584224,0.28942524730084057,4
12,0.40659480473400894,0.27810447134388405,0.31530072392210706,4
13,0.48996731145270633,0.3104014184170187,0.19963127013027498,4
14,0.33555074746266134,0.4017597349294698,0.26268951760786885,4
15,0.4863813018604798,0.19550470414579849,0.31811399399372176,4
16,0.3019099041476083,0.3999136960263632,0.2981763998260285,4
17,0.44690196713505215,0.20570839216111916,0.3473896407038287,4
18,0.4518497873819822,0.241404937373948,0.3067452752440698,4
19,0.4838666138551547,0.25860011279996864,0.25753327334487663,4
20,0.26180373818136593,0.19038163128070906,0.547814630537925,4
21,0.4428180468206466,0.23737066284514788,0.3198112903342055,4
22,0.45287196878526803,0.18156822016972088,0.3655598110450111,4
23,0.274505789672692,0.16374487677988084,0.5617493335474272,4
24,0.3540508721760115,0.17380926430273702,0.4721398635212515,4
25,0.3901231948109458,0.24151478851753963,0.3683620166715146,4
26,0.2755634814413994,0.35376179073592984,0.37067472782267075,4
27,0.32858524792501687,0.2441740650456963,0.42724068702928686,4
28,0.3014159990520564,0.29696169800663375,0.40162230294130985,4
29,0.44239600172388155,0.26051486844148264,0.29708912983463587,4
30,0.30364912538969535,0.1788868367671041,0.5174640378432006,4
31,0.27843959737379037,0.3550154036708823,0.3665449989553274,4
32,0.28780433787174364,0.2322474095242973,0.47994825260395907,4
33,0.49200020237781006,0.254284358291301,0.2537154393308889,4
34,0.4649188666670022,0.1884752904137408,0.346605842919257,4
35,0.3435945920391261,0.2879739393407544,0.3684314686201195,4
36,0.35630912771382345,0.4416589900633252,0.2020318822228513,4
37,0.2840148461510065,0.356413646252532,0.3595715075964615,4
38,0.28603372046099,0.4673995255067756,0.24656675403223444,4
39,0.48026266804931045,0.4346807399452673,0.0850565920054222,4
40,0.3845169644928047,0.4377949412662628,0.17768809424093251,4
41,0.3652987407904311,0.3946715554581717,0.2400297037513972,4
42,0.3988761644328015,0.4470208856393736,0.15410294992782492,4
43,0.5128889128871553,0.3767625160765954,0.11034857103624929,4
44,0.4778092541371555,0.38782073004728407,0.13437001581556046,4
45,0.49671783960523813,0.2945737668343452,0.2087083935604167,4
46,0.48787969311550944,0.41889674501485485,0.09322356186963576,4
47,0.32025279298159953,0.40217087800830004,0.2775763290101005,4
48,0.2814269670336665,0.2892374227202079,0.42933561024612565,4
49,0.44232116077642536,0.3846921302438873,0.17298670897968732,4
50,0.49507084745548663,0.4021194128147614,0.10280973972975202,4
1,0.0,0.24,0.76,5
2,0.2911214103007145,0.3466741870898492,0.3622044026094363,5
3,0.3131296762883047,0.33501941197818197,0.35185091173351335,5
4,0.374057995931092,0.20179604176403385,0.4241459623048741,5
5,0.4302456421302586,0.206683834541252,0.3630705233284894,5
6,0.30507961332924843,0.19206143772725287,0.5028589489434987,5
7,0.47038652408376613,0.3668997878326583,0.16271368808357556,5
8,0.35445824930212677,0.16323409024086422,0.482307660457009,5
9,0.3237842626996481,0.24912030179392106,0.4270954355064308,5
10,0.3054830696477929,0.21184984253301,0.4826670878191971,5
11,0.44450287587811244,0.25769813911611644,0.2977989850057711,5
12,0.403597687937364,0.2745356337765905,0.32186667828604554,5
13,0.48863910227343854,0.30207194665452664,0.20928895107203482,5
14,0.36628531761627,0.35947362049111053,0.27424106189261954,5
15,0.4693616946025399,0.21214856348819422,0.31848974190926593,5
16,0.3399617455921134,0.3549818094654776,0.3050564449424091,5
17,0.4549407897550566,0.21268949377455185,0.3323697164703916,5
18,0.4602932957048618,0.23979046110922642,0.2999162431859118,5
19,0.4707922743601166,0.26368025677495877,0.2655274688649246,5
20,0.30143290372647646,0.2028223168156142,0.49574477945790946,5
21,0.44579519497078546,0.2522648743636812,0.30193993066553343,5
22,0.462099293191958,0.19098818217263586,0.34691252463540606,5
23,0.31871118071366256,0.1698012061460367,0.5114876131403008,5
24,0.3798667582181078,0.18620090887330562,0.43393233290858657,5
25,0.411291030458233,0.23771113250545461,0.3509978370363124,5
26,0.31938910788865527,0.3199412423046413,0.3606696498067034,5
27,0.3608877243828281,0.23998215545505797,0.3991301201621139,5
28,0.34028048334969396,0.27863489355013343,0.3810846231001726,5
29,0.4477963136370308,0.2626568935679907,0.2895467927949784,5
30,0.34220961222243457,0.18775272651493663,0.47003766126262886,5
31,0.31712392231352193,0.3346469481552058,0.3482291295312723,5
32,0.32031878193039254,0.24922105758988064,0.4304601604797268,5
33,0.47585721678881104,0.27112188100988427,0.25302090220130463,5
34,0.47235534173775084,0.2073854227163504,0.32025923554589875,5
35,0.37509686841474443,0.2810121413886883,0.34389099019656727,5
36,0.3855746648005539,0.4054894477358379,0.2089358874636082,5
37,0.3279309044204315,0.3329206050850635,0.339148490494505,5
38,0.32958193162970395,0.42088352174206073,0.2495345466282354,5
39,0.4858322384413367,0.4189875363460428,0.09518022521262048,5
40,0.40905849844210174,0.4091849420391558,0.18175655951874248,5
41,0.38553339481656934,0.3895971333588604,0.22486947182457023,5
42,0.41199043634192717,0.4374589833888767,0.1505505802691962,5
43,0.4866992360156988,0.40025449162830673,0.11304627235599451,5
44,0.46180259106738364,0.4016250056004794,0.13657240333213694,5
45,0.4746311585748305,0.32867056285499224,0.19669827857017724,5
46,0.4738211145280665,0.43080357117181556,0.09537531430011792,5
47,0.34932568092461397,0.397558063478042,0.2531162555973441,5
48,0.31814627664050443,0.30667003943048216,0.3751836839290134,5
49,0.44169216814989865,0.39620606187436214,0.16210176997573922,5
50,0.4814181910510895,0.4186181025993618,0.09996370634954863,5
1,0.0,0.24,0.76,6
2,0.30553304970730555,0.32258771068341296,0.3718792396092815,6
3,0.3274186075484354,0.31315349005940973,0.35942790239215494,6
4,0.381496371668393,0.20885722717121213,0.40964640116039486,6
5,0.44046791845313743,0.20992567229555825,0.34960640925130426,6
6,0.3396410908666855,0.19216254391718957,0.46819636521612495,6
7,0.4535273006896746,0.35348597404861376,0.19298672526171162,6
8,0.3699417946674255,0.17556480059385604,0.4544934047387185,6
9,0.356921027805311,0.23752380350096217,0.4055551686937269,6
10,0.33470270864226204,0.2225824415021967,0.44271484985554127,6
11,0.436419910884416,0.25924059135880073,0.30433949775678326,6
12,0.40505452388548907,0.26926856506597496,0.325676911048536,6
13,0.4891803951698758,0.2932148942324695,0.21760471059765463,6
14,0.3935627742544783,0.32661618242662666,0.27982104331889507,6
15,0.4604089891188201,0.22223635142375925,0.31735465945742064,6
16,0.3732468810372983,0.32089614934594,0.3058569696167617,6
17,0.4647848019835178,0.21655280568017748,0.3186623923363047,6
18,0.4701093420934349,0.23736720262776703,0.2925234552787981,6
19,0.46669492441179394,0.26326066239746243,0.27004441319074374,6
20,0.3376921327498529,0.21042532833057034,0.45188253891957675,6
21,0.45301599372637774,0.2605150859182568,0.2864689203553654,6
22,0.4732851662425446,0.19767898124123612,0.3290358525162192,6
23,0.3576106177635661,0.1747270876511241,0.46766229458530983,6
24,0.40500540575659544,0.19424700845288073,0.4007475857905238,6
25,0.43195911788392016,0.23418399044721577,0.3338568916688642,6
26,0.358090368164844,0.29451602381898667,0.34739360801616936,6
27,0.3909146046887098,0.23589234384318386,0.3731930514681064,6
28,0.37515299622018006,0.26466116846036514,0.3601858353194548,6
29,0.4578401287079954,0.26199985526333797,0.28016001602866675,6
30,0.3768052355630964,0.19475624503899758,0.428438519397906,6
31,0.35286159289580143,0.31722608757045095,0.3299123195337476,6
32,0.35049358460821456,0.2615454906327625,0.38796092475902294,6
33,0.4687924096495514,0.28019816812920884,0.2510094222212398,6
34,0.482044138116704,0.2217470167254028,0.2962088451578932,6
35,0.4036848046556877,0.27574572904689576,0.32056946629741656,6
36,0.41236061469080726,0.37721134273147167,0.21042804257772113,6
37,0.36640164366793954,0.31550380714975645,0.31809454918230395,6
38,0.36747871426159406,0.38627902409277026,0.24624226164563567,6
39,0.493442114238161,0.4040072570794835,0.10255062868235554,6
40,0.4316138679721705,0.38675419874553535,0.18163193328229416,6
41,0.40519144484035113,0.3844387006717542,0.21036985448789475,6
42,0.4258550152542263,0.4283168493915778,0.14582813535419586,6
43,0.47126432664685963,0.4119505857748824,0.1167850875782579,6
44,0.4553622071472099,0.4073106267360583,0.13732716611673185,6
45,0.463588729867325,0.35149563054595134,0.18491563958672363,6
46,0.46841995416116894,0.4354467377867543,0.09613330805207682,6
47,0.374971844090613,0.3952753810579329,0.22975277485145407,6
48,0.34996359903211094,0.32149798426963155,0.3285384166982575,6
49,0.4469800291453775,0.4016112523542471,0.1514087185003754,6
50,0.47243445439198234,0.4334820571997451,0.09408348840827249,6
1,0.0,0.24,0.76,7
2,0.3194400299558401,0.30273268977784057,0.37782728026631934,7
3,0.34037604843020547,0.295321074779599,0.3643028767901956,7
4,0.3924405447845675,0.21216515254176563,0.3953943026736668,7
5,0.45104583227382405,0.21149997988456015,0.33745418784161585,7
6,0.3692983871033402,0.19227514306140955,0.43842646983525024,7
7,0.4429318513756722,0.3379330091043968,0.21913513951993108,7
8,0.3840472233810341,0.18490002124134722,0.43105275537761867,7
9,0.3858302147631205,0.22844343214961788,0.3857263530872616,7
10,0.36151519660041476,0.22887625670667394,0.4096085466929113,7
11,0.43355501828802767,0.2574862818970699,0.3089586998149024,7
12,0.41029900125944285,0.26283802254774474,0.3268629761928124,7
13,0.4908504532994131,0.2842408103761159,0.22490873632447095,7
14,0.4180759134959636,0.30069715191638335,0.281226934587653,7
15,0.4580736863420196,0.22720202098992737,0.314724292668053,7
16,0.4027240609983944,0.29467657745532727,0.3025993615462783,7
17,0.47587124333670106,0.21815596400115495,0.305972792662144,7
18,0.4813036152156067,0.23416011890534855,0.28453626587904485,7
19,0.46951412141592763,0.2592092019329936,0.27127667665107874,7
20,0.3710103216692118,0.21455317703536886,0.41443650129541926,7
21,0.4635073137394814,0.2637109419843129,0.2727817442762057,7
22,0.48596093183313227,0.20215414046324953,0.3118849277036182,7
23,0.39219364953782887,0.1786606479311993,0.42914570253097184,7
24,0.4292585769072492,0.19927663832017076,0.37146478477258005,7
25,0.4521504167757396,0.23085603871787774,0.31699354450638273,7
26,0.3925580510650593,0.27528558107663115,0.3321563678583096,7
27,0.41880708530727084,0.23215699132901332,0.3490359233637158,7
28,0.40670845591382243,0.25388024420824606,0.3394112998779315,7
29,0.47079062333295396,0.25973627634544444,0.2694731003216017,7
30,0.4080489957435176,0.20036376728116345,0.39158723697531894,7
31,0.38566626997315845,0.30276861331322863,0.3115651167136129,7
32,0.3787295807428975,0.2701700750349246,0.351100344222178,7
33,0.46887176259150515,0.2838667337315429,0.247261503676952,7
34,0.4934546653276296,0.2324361240209232,0.2741092106514472,7
35,0.4298275729710881,0.2717427660981063,0.2984296609308056,7
36,0.43712831218992965,0.354874650491054,0.20799703731901645,7
37,0.4004238673856916,0.30253906324488256,0.29703706936942587,7
38,0.4008317435651335,0.3603160946158066,0.23885216181905988,7
39,0.5027782767877924,0.38986292883740925,0.10735879437479834,7
40,0.45267476360137376,0.3688759932312192,0.17844924316740707,7
41,0.4244435555025359,0.37906873853241024,0.19648770596505397,7
42,0.44046153361959206,0.4193588792876848,0.14017958709272316,7
43,0.46475155182310135,0.415135170168887,0.12011327800801164,7
44,0.45629203751267994,0.4073840516198493,0.1363239108674707,7
45,0.46073298367835125,0.36579607425315097,0.17347094206849778,7
46,0.4690120976792366,0.43538318415202004,0.09560471816874339,7
47,0.3981019262392278,0.394082738315731,0.2078153354450413,7
48,0.378038188490748,0.333721008393936,0.288240803115316,7
49,0.45605624026060443,0.40264611291665964,0.14129764682273593,7
50,0.46809355134973113,0.44603033654797175,0.08587611210229708,7
1,0.0,0.24,0.76,8
2,0.33298334445343014,0.2860989157188576,0.38091773982771227,8
3,0.3525824671723499,0.2804150444188944,0.3670024884087557,8
4,0.4062334956421554,0.21258946220264807,0.38117704215519654,8
5,0.46181908676549255,0.21168747541308763,0.3264934378214199,8
6,0.394916291182529,0.19226601971205876,0.4128176891054121,8
7,0.4374883418961587,0.32163345044268454,0.24087820766115675,8
8,0.3963483537121978,0.19205181016585288,0.41159983612194934,8
9,0.41131463428744597,0.2211071196500742,0.3675782460624798,8
10,0.38637984323313673,0.23161730216094822,0.3820028546059151,8
11,0.4349863804601116,0.25336407043953113,0.31164954910035725,8
12,0.41887993912141364,0.2555816259357866,0.32553843494279977,8
13,0.4934243280538698,0.2753296789558093,0.2312459929903209,8
14,0.4403329298747235,0.279960011143051,0.2797070589822255,8
15,0.46101314570541385,0.2283746848879707,0.31061216940661546,8
16,0.42912410915544097,0.27424335495660807,0.29663253588795097,8
17,0.4878026052893887,0.21810612742291763,0.2940912672876937,8
18,0.4935006021606616,0.23040483168290543,0.27609456615643296,8
19,0.477244700267603,0.2530622288798312,0.2696930708525658,8
20,0.4017011697272709,0.21627196895794126,0.38202686131478786,8
21,0.4763247701742595,0.26342677404983544,0.2602484557759051,8
22,0.49975417601968,0.20488860597300584,0.2953572180073142,8
23,0.423203391245359,0.18177873283873286,0.39501787591590815,8
24,0.45250121073838195,0.20224895843754495,0.3452498308240731,8
25,0.4718525942523624,0.22768811169425968,0.30045929405337796,8
26,0.4235124209949066,0.2606512539256881,0.3158363250794053,8
27,0.44478346070159763,0.2288021622274669,0.3264143770709354,8
28,0.4354392110224638,0.245544653714344,0.31901613526319217,8
29,0.48560297277462317,0.25655852882515073,0.2578384984002261,8
30,0.43645835894911933,0.20490225238304116,0.3586393886678395,8
31,0.4157960496110043,0.2908717140331096,0.2933322363558862,8
32,0.40529549081226385,0.2759432764393614,0.3187612327483747,8
33,0.4743940279633586,0.2839314036827072,0.2416745683539342,8
34,0.5061602122040425,0.24017479152197121,0.2536649962739863,8
35,0.453992050676251,0.2685650160552702,0.27744293326847885,8
36,0.4602175853219222,0.33709740933547755,0.2026850053426003,8
37,0.43082626761533627,0.2928267739909029,0.27634695839376083,8
38,0.43054777213376927,0.34061781797870627,0.22883440988752446,8
39,0.5135374476451466,0.3765960369466231,0.10986651540823028,8
40,0.47252087055006964,0.35444210967969736,0.173037019770233,8
41,0.44334513437533307,0.37354749171090235,0.18310737391376458,8
42,0.4556564716088999,0.41060032973778676,0.13374319865331336,8
43,0.4652368833954964,0.41258493127218965,0.12217818533231395,8
44,0.4624582888250814,0.4038864092764371,0.13365530189848146,8
45,0.4638805832808669,0.3737690944497316,0.1623503222694015,8
46,0.47388623457552115,0.4323276454879458,0.09378611993653307,8
47,0.4193124050032349,0.3932069270361303,0.18748066796063484,8
48,0.4032729530780346,0.34339825705074334,0.2533287898712221,8
49,0.4677175283623097,0.400592731885597,0.13168973975209336,8
50,0.46733648925278815,0.45643507017612067,0.07622844057109134,8
1,0.0,0.24,0.76,9
2,0.34624309561917643,0.27195347221844623,0.38180343216237733,9
3,0.3643855281063895,0.26767732143061856,0.36793715046299197,9
4,0.42126037347029777,0.21128902102602615,0.3674506055036761,9
5,0.472544603562443,0.21081214839175696,0.3166432480458,9
6,0.41725776101406964,0.19203242037582796,0.3907098186101024,9
7,0.4361783864924514,0.30549103044011394,0.2583305830674347,9
8,0.40731202362469693,0.1973058701572343,0.3953821062180687,9
9,0.43398683553723405,0.21498993668783178,0.35102322777493417,9
10,0.40955244976692895,0.23162198866586708,0.35882556156720385,9
11,0.4399183444950624,0.247626326873217,0.3124553286317206,9
12,0.4300674249153037,0.24791156132593123,0.3220210137587651,9
13,0.49681971793915386,0.26657362744285973,0.23660665461798647,9
14,0.46072360713013216,0.26313948762109923,0.2761369052487687,9
15,0.4681068352037076,0.226833367444565,0.30505979735172734,9
16,0.45295738241206585,0.2581608250155756,0.2888817925723586,9
17,0.5002776728906596,0.21685595791054638,0.28286636919879404,9
18,0.5065211174720543,0.22625742500278617,0.2672214575251595,9
19,0.488337369866374,0.24592620152046094,0.26573642861316504,9
20,0.42997149973416465,0.21648845662854943,0.353540043637286,9
21,0.4906965138129673,0.26089009930615686,0.24841338688087583,9
22,0.5142951643518056,0.2063260093981904,0.27937882625000404,9
23,0.45122388300525185,0.18424824042851706,0.3645278765662311,9
24,0.4746777788267393,0.20383165170251555,0.3214905694707451,9
25,0.4910141823362498,0.22473475814368385,0.28425105952006635,9
26,0.4514922760734205,0.24950510928269812,0.29900261464388134,9
27,0.46888637536957123,0.22609568707839983,0.30501793755202894,9
28,0.46166290303737556,0.23922932984703543,0.299107767115589,9
29,0.5015185248216489,0.2530114302760496,0.24547004490230145,9
30,0.46239353052441445,0.20873444136666613,0.3288720281089194,9
31,0.4433867054297526,0.2813853884464635,0.27522790612378384,9
32,0.4303741902760107,0.2795481950328835,0.29007761469110577,9
33,0.48383552727473256,0.28191876244101777,0.23424571028424968,9
34,0.5197644187762838,0.24568952618934925,0.23454605503436698,9
35,0.4764201266018909,0.2661244562658258,0.25745541713228326,9
36,0.4818088300369965,0.32294513362414523,0.1952460363388583,9
37,0.4580728418607103,0.28583498030138516,0.25609217783790456,9
38,0.4572285417597852,0.3256796922680488,0.21709176597216595,9
39,0.5253738444716519,0.3643304779793471,0.11029567754900099,9
40,0.49131943885169094,0.34270703572173966,0.1659735254265694,9
41,0.4617052475229262,0.36828316922924875,0.17001158324782506,9
42,0.4712096946099263,0.4021946375759031,0.12659566781417064,9
43,0.4709363602567465,0.40656079102522663,0.12250284871802691,9
44,0.4724811203599384,0.3980965508954553,0.1294223287446063,9
45,0.4714749723683477,0.3771250422297645,0.15139998540188782,9
46,0.4817556095624742,0.42749843785210057,0.09074595258542523,9
47,0.4390361092513768,0.39211081928698516,0.16885307146163803,9
48,0.42630051609301245,0.3507050465321953,0.22299443737479224,9
49,0.48118156404475265,0.39630547236312597,0.12251296359212138,9
50,0.4699753349391219,0.4647860750333029,0.06523859002757515,9
1,0.0,0.24,0.76,10
2,0.35927748162867956,0.25974684040878293,0.3809756779625375,10
3,0.37595807231443834,0.2565939785517857,0.367447949133776,10
4,0.43687491329448164,0.20885584488108577,0.35426924182443265,10
5,0.48298918503123106,0.20915633169394396,0.3078544832748249,10
6,0.43692094440033014,0.19152538199350566,0.3715536736061642,10
7,0.43817514049139167,0.29004063257207663,0.27178422693653176,10
8,0.4177581192495608,0.20072527279558158,0.38151660795485764,10
9,0.4543318253485984,0.20973419048164632,0.3359339841697553,10
10,0.43124916214922554,0.22954816771190847,0.33920267013886596,10
11,0.44767880406842403,0.2408681848917849,0.311453011039791,10
12,0.4429784227483261,0.240231228249713,0.3167903490019609,10
13,0.5014074384364877,0.2579010614909053,0.24069150007260698,10
14,0.47954510711597703,0.2493134289920635,0.2711414638919594,10
15,0.4782667335886014,0.223521752560218,0.2982115138511806,10
16,0.4746669944999932,0.24535336717888484,0.2799796383211219,10
17,0.5130720715591417,0.21479642686043005,0.27213150158042826,10
18,0.5200630209153481,0.22195179211769622,0.2579851869669557,10
19,0.5016025122659181,0.23856050012686927,0.25983698760721263,10
20,0.4559688380311484,0.21589922115135513,0.32813194081749647,10
21,0.5060249969847467,0.2569752673200898,0.23699973569516353,10
22,0.5292721963517479,0.2068415603216758,0.2638862433265763,10
23,0.47666070278588996,0.18628740778448766,0.33705188942962233,10
24,0.49572335201512585,0.2045841202891187,0.29969252769575555,10
25,0.5095296015686482,0.2221448100208561,0.2683255884104957,10
26,0.47692701127293735,0.24103921730097994,0.2820337714260827,10
27,0.49118289011899413,0.22419834153981405,0.2846187683411919,10
28,0.4857063665097577,0.23451038393459506,0.2797832495556473,10
29,0.5180199880046312,0.2494301005075146,0.23254991148785417,10
30,0.4861591134345789,0.21209321938204415,0.301747667183377,10
31,0.4684716958780679,0.27433143794630266,0.2571968661756294,10
32,0.45408037774788856,0.28156004248698613,0.2643595797651253,10
33,0.49603531856783584,0.2788216340984094,0.22514304733375473,10
34,0.533937421978426,0.24956814258232513,0.2164944354392489,10
35,0.49725325474885884,0.2644076329585276,0.23833911229261356,10
36,0.5020077215623482,0.31177319189087144,0.18621908654678038,10
37,0.4825556848979841,0.28112402938044606,0.23632028572156977,10
38,0.4813202835636322,0.31443438254764994,0.20424533388871785,10
39,0.5379970668404573,0.35313463727060834,0.10886829588893432,10
40,0.5091763024417,0.33318635005607217,0.15763734750222785,10
41,0.47936508447199583,0.36356212942245586,0.15707278610554826,10
42,0.4868921443399139,0.3942581477128352,0.11884970794725092,10
43,0.48045571919301283,0.39859549026290025,0.12094879054408697,10
44,0.48492956046034796,0.3913433144059516,0.12372712513370043,10
45,0.4820477403685688,0.37746596293521384,0.14048629669621737,10
46,0.4915350056302088,0.42177440799381266,0.08669058637597854,10
47,0.4574130379574305,0.3904712252413787,0.15211573680119078,10
48,0.44754195292418425,0.3559829666406422,0.1964750804351736,10
49,0.49609400866709075,0.3904742459699501,0.11343174536295914,10
50,0.4752184625480711,0.4717636171879516,0.05301792026397722,10
1,0.0,0.24,0.76,11
2,0.3721251741222296,0.24907723081139252,0.3787975950663779,11
3,0.38740813536639707,0.24680689244391507,0.36578497218968786,11
4,0.4525860661002234,0.20573891714091203,0.3416750167588645,11
5,0.4930983283813223,0.20690786451894883,0.2999938070997289,11
6,0.4544213787196639,0.19072404909693352,0.35485457218340255,11
7,0.4427969317578079,0.27558876253494946,0.28161430570724266,11
8,0.4286103070258155,0.2023246454882645,0.36906504748592,11
9,0.47273715651412596,0.20510623407094725,0.3221566094149268,11
10,0.45153978660209326,0.22610073025109367,0.32235948314681306,11
11,0.4575761730171699,0.2336044323466716,0.3088193946361585,11
12,0.45705388294386623,0.23282833824271143,0.3101177788134224,11
13,0.5069221078595478,0.2495205670119956,0.24355732512845657,11
14,0.4970008488456182,0.23786525810999548,0.2651338930443864,11
15,0.49054700018840824,0.21918343295180434,0.29026956685978744,11
16,0.4945428577155063,0.2351252004092226,0.2703319418752711,11
17,0.5260255869263745,0.21228698874337548,0.26168742433025005,11
18,0.5338216148950524,0.21773658082013042,0.24844180428481716,11
19,0.516120321538994,0.23150786528681822,0.2523718131741878,11
20,0.4797918665972497,0.21508462405932083,0.30512350934342947,11
21,0.5218185367242065,0.2524015860626813,0.22577987721311216,11
22,0.5443484999843267,0.20683580314380723,0.2488156968718661,11
23,0.49973657416341155,0.18825156537533158,0.31201186046125684,11
24,0.515455495923675,0.2051679482313155,0.2793765558450095,11
25,0.5272777073495093,0.22007210760140505,0.25265018504908565,11
26,0.500093998189042,0.234767905115626,0.265138096695332,11
27,0.5116103390277514,0.22345306659901826,0.2649365943732303,11
28,0.5077518309588033,0.2312204265683923,0.2610277424728044,11
29,0.5346546963871833,0.24615585845835453,0.21918944515446215,11
30,0.5079044801982716,0.21532355892776595,0.27677196087396244,11
31,0.4913027549815665,0.26933848314826125,0.23935876187017224,11
32,0.47648260753692545,0.28248535699287874,0.24103203547019575,11
33,0.5098717285600638,0.27560162761030105,0.21452664382963516,11
34,0.5483207548554079,0.25240788442346856,0.19927136072112356,11
35,0.516496967082284,0.26357551313738,0.21992751978033603,11
36,0.5208282418601535,0.3031926527308254,0.17597910540902106,11
37,0.5042636798193367,0.2789058044441452,0.21683051573651807,11
38,0.5030843571320771,0.3062162922285502,0.1906993506393727,11
39,0.5510556939905052,0.34318592423969996,0.1057583817697948,11
40,0.5260922053054651,0.32561234781262594,0.148295446881909,11
41,0.49624418745982085,0.35949158649007734,0.14426422605010175,11
42,0.5024543302788663,0.3869875749282254,0.11055809479290829,11
43,0.4924692448359296,0.38999330828966144,0.11753744687440898,11
44,0.49872320623698596,0.38459426266751817,0.11668253109549587,11
45,0.49446217520627295,0.37587507463909736,0.12966275015462964,11
46,0.5025992997771374,0.41553670712373336,0.08186399309912928,11
47,0.4746567852149187,0.38823240680563975,0.13711080797944153,11
48,0.46728318505814626,0.3595407544093303,0.17317606053252343,11
49,0.5120397644133521,0.3838617023309128,0.10409853325573509,11
50,0.4825845396566844,0.47757639245902034,0.03983906788429523,11
1,0.0,0.24,0.76,12
2,0.3847954607448485,0.2396669303852657,0.3755376088698857,12
3,0.3987678880895305,0.2380722136586783,0.36315989825179124,12
4,0.4678132546594579,0.20233797851362054,0.32984876682692155,12
5,0.502827153834748,0.20424894566945936,0.29292390049579264,12
6,0.4701815371660576,0.18964182782975175,0.34017663500419065,12
7,0.44944652681160424,0.2623121046814399,0.28824136850695586,12
8,0.4399750598653035,0.20247804806671876,0.35754689206797774,12
9,0.4895132870877217,0.20095678042144693,0.3095299324908314,12
10,0.47047709304074764,0.22187678419562465,0.3076461227636278,12
11,0.46903213161073204,0.22625028285915977,0.30471758553010825,12
12,0.4718213437725147,0.22589815099190966,0.3022805052355756,12
13,0.5132168335949319,0.24159979587175415,0.245183370533314,12
14,0.5132538124190357,0.22834253113524774,0.2584036564457166,12
15,0.5041573519215109,0.2144269091190861,0.281415738959403,12
16,0.5128094734205885,0.2270089791739124,0.26018154740549915,12
17,0.5388765744153007,0.20970885770326575,0.25141456788143357,12
18,0.5475746145151424,0.2138323147734277,0.23859307071142985,12
19,0.5312014206933494,0.22518260994425648,0.2436159693623941,12
20,0.5014674873637334,0.21459178124908884,0.2839407313871778,12
21,0.5376142424490983,0.24778223463370996,0.21460352291719176,12
22,0.5592272169222123,0.20666631213215075,0.2341064709456369,12
23,0.5205826847559919,0.1905121827873938,0.2889051324566143,12
24,0.5337890921646884,0.2059876683472683,0.26022323948804327,12
25,0.5441646819145233,0.21861415357842373,0.237221164507053,12
26,0.5212319612452924,0.230345934159033,0.24842210459567463,12
27,0.5302257934775947,0.2239561633251701,0.24581804319723521,12
28,0.5278985440532369,0.22933141758123796,0.24277003836552516,12
29,0.5510758472580711,0.24344755349752986,0.205476599244399,12
30,0.5278000673020874,0.21862522988901706,0.25357470280889555,12
31,0.51190449548463,0.2664436636120622,0.2216518409033078,12
32,0.49759767452280146,0.2827746359349712,0.21962768954222733,12
33,0.5244828092393099,0.272994204200223,0.20252298656046708,12
34,0.5626046835074439,0.25470944424061615,0.18268587225194,12
35,0.5342396381945673,0.26364646026284305,0.20211390154258962,12
36,0.5383062235217486,0.29687304710051077,0.16482072937774062,12
37,0.5233639739354924,0.27903619920772726,0.19759982685678035,12
38,0.5227206914000091,0.30055074274786925,0.17672856585212166,12
39,0.5642622218546568,0.3346177634517951,0.10112001469354809,12
40,0.5420379317556636,0.31981053737999965,0.13815153086433674,12
41,0.5122273082860739,0.3561591117274257,0.13161357998650042,12
42,0.5176116240983651,0.38059058089453335,0.10179779500710151,12
43,0.5058387131432324,0.3816971321204854,0.11246415473628224,12
44,0.5129978324790119,0.37848801226520445,0.10851415525578367,12
45,0.5077424724457845,0.37322895440000786,0.11902857315420762,12
46,0.5143463041977018,0.40904409544261033,0.07660960035968789,12
47,0.49081978082246164,0.3853626519759672,0.12381756720157111,12
48,0.48580033315878135,0.36168292757893883,0.15251673926227982,12
49,0.5283740407711908,0.3775218730486169,0.09410408618019234,12
50,0.4921362147285547,0.4822713259176236,0.025592459353821723,12
1,0.0,0.24,0.76,13
2,0.39727603521664323,0.23132237110808734,0.3714015936752694,13
3,0.410046543526438,0.23023830987621463,0.3597151465973474,13
4,0.48227706427687655,0.19891265341753253,0.31881028230559094,13
5,0.5121658397242015,0.20134316297998878,0.28649099729580974,13
6,0.4844910032475336,0.18834648530265433,0.3271625114498121,13
7,0.4576019172879645,0.25029614242260945,0.29210194028942604,13
8,0.45203874197861615,0.20147873462564653,0.3464825233957373,13
9,0.5049141866907061,0.19721471687129682,0.2978710964379971,13
10,0.4881102933026984,0.21733705664116992,0.2945526500561317,13
11,0.48153675411825314,0.21911711366170225,0.2993461322200446,13
12,0.48690976934254815,0.21958108244944693,0.2935091482080049,13
13,0.5201837659092579,0.2342670350138899,0.24554919907685224,13
14,0.5284117708020041,0.22045154684521925,0.25113668235277664,13
15,0.5184336479389087,0.2097397678503125,0.2718265842107788,13
16,0.5296245987755885,0.22065422638982427,0.2497211748345872,13
17,0.5514019839968323,0.20738553521203246,0.24121248079113528,13
18,0.5610888231307692,0.21044982232849577,0.228461354540735,13
19,0.5462898565136421,0.21991975734790942,0.23379038613844844,13
20,0.5210601376353896,0.21477484973028516,0.26416501263432524,13
21,0.5530794140969167,0.24354226600707818,0.20337831989600508,13
22,0.5736567470155246,0.2066393975983035,0.2197038553861719,13
23,0.5393691902035096,0.19326001715340682,0.2673707926430836,13
24,0.5505511013232296,0.20758751956451588,0.24186137911225453,13
25,0.5600584263031603,0.21795519173130198,0.22198638196553774,13
26,0.5404478179901823,0.22761734876472667,0.23193483324509107,13
27,0.5468810284437575,0.2260787574284155,0.227040214127827,13
28,0.5462341567465478,0.2288093256797412,0.22495651757371096,13
29,0.5669947708372551,0.24153054772077906,0.1914746814419658,13
30,0.5459203458104119,0.2222602453338377,0.23181940885575036,13
31,0.5302959065126256,0.2657005910987102,0.20400350238866422,13
32,0.5173707632091922,0.28290121091237325,0.19972802587843458,13
33,0.5391359865705577,0.2716642995696588,0.18919971385978346,13
34,0.5765055359693889,0.2569195343405536,0.1665749296900575,13
35,0.5503680819665401,0.2648854484211567,0.18474646961230323,13
36,0.5544251800098217,0.2926338022845032,0.15294101770567514,13
37,0.540091928283654,0.2812332337979473,0.17867483791839867,13
38,0.540489809652227,0.2969685803194252,0.16254161002834777,13
39,0.5773357952311148,0.3275281520552338,0.09513605271365144,13
40,0.5569855914119104,0.3156436785071907,0.1273707300808989,13
41,0.5273019288079943,0.35357661642450383,0.11912145476750186,13
42,0.532187940072593,0.37518493457593205,0.09262712535147499,13
43,0.5197137599265318,0.37433141620426125,0.10595482386920696,13
44,0.5271468797309677,0.3733238562510392,0.09952926401799306,13
45,0.5212812162888345,0.37013161098627084,0.10858717272489465,13
46,0.5263545340890396,0.40250449350362183,0.07114097240733852,13
47,0.5057070106297067,0.3819302705183104,0.1123627188519829,13
48,0.5029368047239721,0.36259528037895405,0.13446791489707388,13
49,0.5443104418787286,0.37211110608808406,0.08357845203318737,13
50,0.503212481358527,0.4859983368180823,0.010789181823390611,13
1,0.0,0.24,0.76,14
2,0.40951408352308616,0.22392929720109395,0.36655661927582,14
3,0.42117705148682094,0.2232331656395997,0.35558978287357934,14
4,0.49561992303809044,0.19573439575392573,0.30864568120798386,14
5,0.5210586121787121,0.19837354852593153,0.2805678392953564,14
6,0.4974904262587469,0.18699053541198624,0.3155190383292668,14
7,0.4668093730738329,0.239588937891907,0.29360168903426004,14
8,0.46339712733694893,0.20020556947029788,0.3363973031927532,14
9,0.5190708531593412,0.19389053361743033,0.28703861322322843,14
10,0.5044529405420493,0.21285146078319492,0.2826955986747558,14
11,0.4946023152103639,0.21247818898928486,0.29291949580035126,14
12,0.5019382673756663,0.21402501845824354,0.2840367141660902,14
13,0.5278299887156321,0.22759346438624492,0.24457654689812294,14
14,0.54254319100833,0.21399514739099315,0.2434616616006768,14
15,0.5328412961106602,0.20547837661062937,0.2616803272787104,14
16,0.5451006215358639,0.21585514813235937,0.2390442303317767,14
17,0.5634341791261916,0.20553085671959048,0.23103496415421787,14
18,0.5740341870821795,0.207834797036222,0.21813101588159853,14
19,0.5609823128752738,0.2158816020784247,0.22313608504630153,14
20,0.5385949482552049,0.21597430639640028,0.2454307453483948,14
21,0.5679164500585876,0.24004120879982377,0.19204234114158864,14
22,0.5874542753908354,0.20700367324920851,0.2055420513599561,14
23,0.556181738147918,0.19671901501445885,0.2470992468376231,14
24,0.5656786244164309,0.210191485855818,0.22412988972775108,14
25,0.5748639261342964,0.21819136384982143,0.2069447100158822,14
26,0.5578514304779242,0.22644856130706095,0.21570000821501487,14
27,0.5615925821432635,0.22989218144124615,0.20851523641549038,14
28,0.5627374281265137,0.22977703662947815,0.20748553524400812,14
29,0.5821704484133594,0.24057920694309518,0.17725034464354542,14
30,0.562295285111501,0.22648134165215622,0.21122337323634283,14
31,0.5466374895495989,0.2668600287173368,0.18650248173306433,14
32,0.5357127344472791,0.2832657317488542,0.1810215338038667,14
33,0.5533272096478695,0.2718463130351917,0.1748264773169388,14
34,0.5898200804036,0.25936339892097066,0.15081652067542933,14
35,0.564946337418849,0.26724404229326987,0.1678096202878811,14
36,0.5691685177531083,0.29031799219258475,0.14051349005430697,14
37,0.5547759912274269,0.28495337472753035,0.16027063404504271,14
38,0.5564964310367589,0.29522975824469877,0.1482738107185423,14
39,0.5900010909161569,0.3220153740393201,0.08798353504452294,14
40,0.5708720079629662,0.31300213922593295,0.11612585281110083,14
41,0.5413872837657367,0.3517468429770196,0.10686587325724367,14
42,0.5459938809258426,0.37079910388696946,0.08320701518718798,14
43,0.5335295282566521,0.36817882195352336,0.09829164978982452,14
44,0.5407288665258791,0.3691297022724964,0.09014143120162443,14
45,0.5345596385405433,0.366941632028694,0.09849872943076265,14
46,0.5381992377653971,0.3960845882849876,0.06571617394961526,14
47,0.5191771414336583,0.37802625487744046,0.1027966036889012,14
48,0.5183395622390398,0.3624158805390713,0.11924455722188892,14
49,0.5590222159283149,0.36800407600270496,0.07297370806898013,14
50,0.5130113732252878,0.48698862677471216,0.0,14
1,0.0,0.24,0.76,15
2,0.4210228449798578,0.21784029978976682,0.3611368552303753,15
3,0.4315511529671806,0.21752108541507986,0.35092776161773953,15
4,0.50152591001262,0.19584031250311063,0.30263377748426934,15
5,0.523099876635736,0.19879295606272485,0.27810716730153917,15
6,0.5038133280750536,0.1885158730394426,0.30767079888550375,15
7,0.4745724915694177,0.23125301656508565,0.2941744918654966,15
8,0.4723579375098859,0.19975592019846755,0.3278861422916466,15
9,0.525614629606089,0.19418321174968367,0.2802021586442274,15
10,0.5137478689531397,0.21046816601283658,0.2757839650340237,15
11,0.5038306089935191,0.20870522284046256,0.2874641681660184,15
12,0.5118572292672421,0.2110450788398928,0.27709769189286515,15
13,0.532050254560674,0.22355019577656565,0.24439954966276034,15
14,0.5490389627263537,0.21177634932523287,0.23918468794841347,15
15,0.5410047788449199,0.20457079504988457,0.2544244261051955,15
16,0.5526838483870903,0.21462789485262895,0.23268825676028076,15
17,0.5681292164372734,0.207026726110841,0.22484405745188557,15
18,0.5786636454897096,0.20918170734264302,0.21215464716764737,15
19,0.5679715318899603,0.2157037953091633,0.2163246728008764,15
20,0.5484726708668072,0.21830918259222803,0.2332181465409648,15
21,0.5748072277080096,0.23857590619670727,0.1866168660952831,15
22,0.5924133704646407,0.21083520280162382,0.19675142673373547,15
23,0.5649287014638182,0.2025338338865197,0.23253746464966207,15
24,0.5728789512373254,0.21525090220359333,0.21187014655908132,15
25,0.5816350404882711,0.22149436214514703,0.19687059736658188,15
26,0.5672910012693531,0.2281977788981103,0.20451121983253664,15
27,0.5691899917408969,0.2347383211977242,0.1960716870613789,15
28,0.5714100056944946,0.2332304028923073,0.19535959141319809,15
29,0.5890917449987167,0.2428444042194436,0.16806385078183966,15
30,0.5710315792637879,0.23240077236575446,0.19656764837045765,15
31,0.5564086342068649,0.26824146274245453,0.17534990305068054,15
32,0.5478264964102815,0.2821301973779998,0.1700433062117187,15
33,0.5619387058271788,0.2731232212232327,0.16493807294958857,15
34,0.5950928495201421,0.2641238092997471,0.14078334118011082,15
35,0.5724097917138733,0.2711370287308327,0.15645317955529403,15
36,0.576495750641077,0.29053829335579473,0.13296595600312822,15
37,0.5628606238351755,0.28875663940837204,0.14838273675645242,15
38,0.5652788782685902,0.2956496074257278,0.13907151430568193,15
39,0.5947660487273791,0.3200410999740129,0.08519285129860793,15
40,0.5774776199992863,0.31281422180275076,0.10970815819796298,15
41,0.5503671811339791,0.3477694775848983,0.10186334128112262,15
42,0.5544748157561206,0.3645435548476607,0.08098162939621872,15
43,0.5431458817822478,0.36096167998121576,0.09589243823653648,15
44,0.5494277406274563,0.36352614144264295,0.0870461179299008,15
45,0.5435826578442593,0.36175600269457686,0.09466133946116384,15
46,0.5460000607719394,0.3872173345438904,0.06678260468417019,15
47,0.5287978571892976,0.371222087006629,0.09998005580407338,15
48,0.5288694072150971,0.3590762056447092,0.11205438714019367,15
49,0.5660578965563264,0.3654430845950298,0.06849901884864379,15
50,0.5158722433963477,0.48412775660365237,0.0,15
