approach,starting_age,terminal_worst_1pct_mean,terminal_worst_2pct_mean,terminal_worst_4pct_mean,terminal_worst_10pct_mean,terminal_worst_50pct_mean,terminal_mean,annual_contribution,normalization
Ours,20,43.51836561569294,52.78757144705381,64.94778021045246,88.16252236609941,180.72324394268213,354.6374107493357,1.0,Mean over floored retirement-age wealth outcomes from age 65 through 90. Start age 20 begins at 0; later starts begin at 1. Each start uses its own constant annual contribution through age 65.
Ours,21,40.148883254111574,48.69296104799219,59.90806930208662,81.31447101532369,166.7527418709794,327.2454023896205,0.922387417726932,Mean over floored retirement-age wealth outcomes from age 65 through 90. Start age 20 begins at 0; later starts begin at 1. Each start uses its own constant annual contribution through age 65.
Ours,22,19.28540970974154,23.379459366698637,28.760991262869734,39.04250835385345,80.11433186499639,157.23806559164638,0.442857926282682,Mean over floored retirement-age wealth outcomes from age 65 through 90. Start age 20 begins at 0; later starts begin at 1. Each start uses its own constant annual contribution through age 65.
Ours,23,12.337599262538436,14.972561399352632,18.428011472346117,25.023460472937636,51.34820224545625,100.79709147137807,0.2837255092102926,Mean over floored retirement-age wealth outcomes from age 65 through 90. Start age 20 begins at 0; later starts begin at 1. Each start uses its own constant annual contribution through age 65.
Ours,24,8.886989960033908,10.785256363688156,13.293839639068848,18.069773676396903,37.0494710638564,72.75842238070867,0.2046268469493182,Mean over floored retirement-age wealth outcomes from age 65 through 90. Start age 20 begins at 0; later starts begin at 1. Each start uses its own constant annual contribution through age 65.
Ours,25,6.853765602966441,8.32035039219759,10.247231508698015,13.917745644924073,28.51042176189674,56.021650088164364,0.1573851922966463,Mean over floored retirement-age wealth outcomes from age 65 through 90. Start age 20 begins at 0; later starts begin at 1. Each start uses its own constant annual contribution through age 65.
Ours,26,5.518067711424195,6.690952039182393,8.233687960991789,11.181547870854084,22.88453032403897,44.92561414448467,0.126207841922962,Mean over floored retirement-age wealth outcomes from age 65 through 90. Start age 20 begins at 0; later starts begin at 1. Each start uses its own constant annual contribution through age 65.
Ours,27,4.565632810000452,5.53210244771222,6.8014168028593085,9.233405985693175,18.875507000792222,36.99843587414014,0.1039389453852819,Mean over floored retirement-age wealth outcomes from age 65 through 90. Start age 20 begins at 0; later starts begin at 1. Each start uses its own constant annual contribution through age 65.
Ours,28,3.8488541035748107,4.670683634061183,5.742368941992476,7.778287728417824,15.906741645000212,31.115879239599185,0.0874159031371248,Mean over floored retirement-age wealth outcomes from age 65 through 90. Start age 20 begins at 0; later starts begin at 1. Each start uses its own constant annual contribution through age 65.
Ours,29,3.283964496939521,3.992584196481614,4.911447464598866,6.64807562682951,13.591716716012373,26.527767701906665,0.0745814866148723,Mean over floored retirement-age wealth outcomes from age 65 through 90. Start age 20 begins at 0; later starts begin at 1. Each start uses its own constant annual contribution through age 65.
Ours,30,2.8436169520707497,3.4621828088673903,4.259608515665807,5.7635958069862605,11.755690275892771,22.875634704379266,0.0643670745766518,Mean over floored retirement-age wealth outcomes from age 65 through 90. Start age 20 begins at 0; later starts begin at 1. Each start uses its own constant annual contribution through age 65.
Ours,31,2.4922779422051806,3.0231226148000863,3.7154882572579946,5.0421479038822286,10.26874999123828,19.933622651910255,0.056022036197154,Mean over floored retirement-age wealth outcomes from age 65 through 90. Start age 20 begins at 0; later starts begin at 1. Each start uses its own constant annual contribution through age 65.
Ours,32,2.203613179474926,2.675930714251528,3.289817708170742,4.461996075922153,9.06879000954941,17.516012454499073,0.0492554505854136,Mean over floored retirement-age wealth outcomes from age 65 through 90. Start age 20 begins at 0; later starts begin at 1. Each start uses its own constant annual contribution through age 65.
Ours,33,1.9878781436865531,2.411393710516686,2.9552740921254985,3.990646301992342,8.074924064712016,15.514107824639787,0.0436076643051984,Mean over floored retirement-age wealth outcomes from age 65 through 90. Start age 20 begins at 0; later starts begin at 1. Each start uses its own constant annual contribution through age 65.
Ours,34,1.7876189662114825,2.163145753580724,2.648965648120931,3.5735413899986628,7.22976586058805,13.788016227053614,0.0388050714004152,Mean over floored retirement-age wealth outcomes from age 65 through 90. Start age 20 begins at 0; later starts begin at 1. Each start uses its own constant annual contribution through age 65.
Ours,35,1.6066397827431043,1.9458493584014709,2.381250639294062,3.213134157294176,6.501310299675934,12.333439110427342,0.0346932619842955,Mean over floored retirement-age wealth outcomes from age 65 through 90. Start age 20 begins at 0; later starts begin at 1. Each start uses its own constant annual contribution through age 65.
Ours,36,1.4681522572087315,1.7708139614175429,2.1629775492707806,2.914055464093062,5.8600676599812065,11.076469511886044,0.0311137861434605,Mean over floored retirement-age wealth outcomes from age 65 through 90. Start age 20 begins at 0; later starts begin at 1. Each start uses its own constant annual contribution through age 65.
Ours,37,1.3325127692948315,1.6034439441400075,1.959074532333709,2.6481548873455742,5.3134738301424935,9.98219283212756,0.0279823840675537,Mean over floored retirement-age wealth outcomes from age 65 through 90. Start age 20 begins at 0; later starts begin at 1. Each start uses its own constant annual contribution through age 65.
Ours,38,1.222702329079984,1.470464891950204,1.7961669907460625,2.4243910526816186,4.834382521675739,9.028589413139626,0.0252717367121662,Mean over floored retirement-age wealth outcomes from age 65 through 90. Start age 20 begins at 0; later starts begin at 1. Each start uses its own constant annual contribution through age 65.
Ours,39,1.1388970221199137,1.3631584393282854,1.6566484739881582,2.223969672709471,4.418046173366893,8.19349956701138,0.0228971656423944,Mean over floored retirement-age wealth outcomes from age 65 through 90. Start age 20 begins at 0; later starts begin at 1. Each start uses its own constant annual contribution through age 65.
Ours,40,1.055930898729136,1.2672743725444797,1.538293028905549,2.054493396558605,4.052769946340634,7.464065553120078,0.02080868214288,Mean over floored retirement-age wealth outcomes from age 65 through 90. Start age 20 begins at 0; later starts begin at 1. Each start uses its own constant annual contribution through age 65.
Ours,41,0.9779547634527586,1.1767722401549074,1.4324272337005406,1.9114345490219913,3.7315094191653846,6.804878107758834,0.0189528859381982,Mean over floored retirement-age wealth outcomes from age 65 through 90. Start age 20 begins at 0; later starts begin at 1. Each start uses its own constant annual contribution through age 65.
Ours,42,0.9109525860179358,1.0897793689633763,1.3240413119981287,1.7652128676882772,3.4362579423816224,6.236312541074143,0.0172989367745572,Mean over floored retirement-age wealth outcomes from age 65 through 90. Start age 20 begins at 0; later starts begin at 1. Each start uses its own constant annual contribution through age 65.
Ours,43,0.8520301639093424,1.0205088538646883,1.2410358535307962,1.649345870032542,3.1835212952093004,5.730202482116927,0.0158494041754015,Mean over floored retirement-age wealth outcomes from age 65 through 90. Start age 20 begins at 0; later starts begin at 1. Each start uses its own constant annual contribution through age 65.
Ours,44,0.8045864813930762,0.9622120814555436,1.1661151840287423,1.5423290882110128,2.9590206379297905,5.278379516643076,0.0145523254086888,Mean over floored retirement-age wealth outcomes from age 65 through 90. Start age 20 begins at 0; later starts begin at 1. Each start uses its own constant annual contribution through age 65.
Ours,45,0.7595692305155672,0.904056254349191,1.0907364433382951,1.4373116738077163,2.7409214554453,4.849764953897984,0.0133481164644708,Mean over floored retirement-age wealth outcomes from age 65 through 90. Start age 20 begins at 0; later starts begin at 1. Each start uses its own constant annual contribution through age 65.
Ours,46,0.7165565006700831,0.8517729744434013,1.025556945006073,1.3436698289967988,2.5441846619429307,4.470137828390162,0.0122636688997595,Mean over floored retirement-age wealth outcomes from age 65 through 90. Start age 20 begins at 0; later starts begin at 1. Each start uses its own constant annual contribution through age 65.
Ours,47,0.679507257213396,0.805676257416278,0.9680544714478062,1.266245478695949,2.3740056346212124,4.135416322164616,0.0113158761375511,Mean over floored retirement-age wealth outcomes from age 65 through 90. Start age 20 begins at 0; later starts begin at 1. Each start uses its own constant annual contribution through age 65.
Ours,48,0.6424749227228085,0.7595215640218295,0.9112717824191285,1.1898444616321635,2.213667638930439,3.821420914235636,0.0104322303552679,Mean over floored retirement-age wealth outcomes from age 65 through 90. Start age 20 begins at 0; later starts begin at 1. Each start uses its own constant annual contribution through age 65.
Ours,49,0.6066285504691337,0.718135583789006,0.8597136612938467,1.1193022239840802,2.066361756026649,3.53321512946484,0.0096275281695293,Mean over floored retirement-age wealth outcomes from age 65 through 90. Start age 20 begins at 0; later starts begin at 1. Each start uses its own constant annual contribution through age 65.
Ours,50,0.5824337343342035,0.6876015341449615,0.8200246158101431,1.0588381351001823,1.935710290886982,3.2794043132009554,0.0089248538715446,Mean over floored retirement-age wealth outcomes from age 65 through 90. Start age 20 begins at 0; later starts begin at 1. Each start uses its own constant annual contribution through age 65.
Ours,51,0.5622717532485605,0.6583332278272658,0.7818669736206414,1.0048174244921273,1.8184573156249468,3.0551059920242922,0.0083108466220378,Mean over floored retirement-age wealth outcomes from age 65 through 90. Start age 20 begins at 0; later starts begin at 1. Each start uses its own constant annual contribution through age 65.
Ours,52,0.5360469557546321,0.6301147867051946,0.7476486707588752,0.9539825980951233,1.7112527781233828,2.8478514929879686,0.0077417840987661,Mean over floored retirement-age wealth outcomes from age 65 through 90. Start age 20 begins at 0; later starts begin at 1. Each start uses its own constant annual contribution through age 65.
Ours,53,0.5162784732470327,0.6037110443488698,0.7139419732220834,0.905329028926421,1.6125138515551674,2.65461518365889,0.0072129865781145,Mean over floored retirement-age wealth outcomes from age 65 through 90. Start age 20 begins at 0; later starts begin at 1. Each start uses its own constant annual contribution through age 65.
Ours,54,0.4999722485098129,0.5809199929104739,0.6816270711950594,0.8596198910105272,1.5173206861599573,2.471854165187309,0.0067110089577207,Mean over floored retirement-age wealth outcomes from age 65 through 90. Start age 20 begins at 0; later starts begin at 1. Each start uses its own constant annual contribution through age 65.
Ours,55,0.4826786476083942,0.5592794978380818,0.6527242325460352,0.817914607957928,1.4330290976345312,2.3108118659535726,0.0062623719844265,Mean over floored retirement-age wealth outcomes from age 65 through 90. Start age 20 begins at 0; later starts begin at 1. Each start uses its own constant annual contribution through age 65.
Ours,56,0.46257807226847714,0.5370908789403386,0.6257900106698373,0.7807660429628197,1.35462363819804,2.162917631715032,0.0058556155002927,Mean over floored retirement-age wealth outcomes from age 65 through 90. Start age 20 begins at 0; later starts begin at 1. Each start uses its own constant annual contribution through age 65.
Ours,57,0.45121103115964123,0.5193768606239215,0.601915968358031,0.747099510317071,1.2812144470032616,2.022776338853787,0.0054821167013118,Mean over floored retirement-age wealth outcomes from age 65 through 90. Start age 20 begins at 0; later starts begin at 1. Each start uses its own constant annual contribution through age 65.
Ours,58,0.44243901558452337,0.5057707391995294,0.5820586961915407,0.7176262088742791,1.2163877427806107,1.8962585423711382,0.0051484821617498,Mean over floored retirement-age wealth outcomes from age 65 through 90. Start age 20 begins at 0; later starts begin at 1. Each start uses its own constant annual contribution through age 65.
Ours,59,0.4350960795279415,0.4943862368561893,0.5658031882547185,0.6900273362918102,1.1523070292546735,1.7776496468334524,0.0048344652921329,Mean over floored retirement-age wealth outcomes from age 65 through 90. Start age 20 begins at 0; later starts begin at 1. Each start uses its own constant annual contribution through age 65.
Ours,60,0.4238799567439451,0.48111212467602543,0.5473378043899986,0.6643207085774594,1.0951474060141082,1.6707736169994523,0.0045492077099728,Mean over floored retirement-age wealth outcomes from age 65 through 90. Start age 20 begins at 0; later starts begin at 1. Each start uses its own constant annual contribution through age 65.
Ours,61,0.41593017191543274,0.4694640442490296,0.5319624225221813,0.6428616978377968,1.0460418291505789,1.5732251920204423,0.0042815898119503,Mean over floored retirement-age wealth outcomes from age 65 through 90. Start age 20 begins at 0; later starts begin at 1. Each start uses its own constant annual contribution through age 65.
Ours,62,0.4086209186777732,0.45727918488057084,0.5165576727928356,0.6211873756246316,0.9976135729144582,1.4832866131531628,0.0040365429794659,Mean over floored retirement-age wealth outcomes from age 65 through 90. Start age 20 begins at 0; later starts begin at 1. Each start uses its own constant annual contribution through age 65.
Ours,63,0.40588274256883616,0.4520810393443032,0.5057513835428762,0.6015443815280543,0.952184510835909,1.3972712444270496,0.0038060269698794,Mean over floored retirement-age wealth outcomes from age 65 through 90. Start age 20 begins at 0; later starts begin at 1. Each start uses its own constant annual contribution through age 65.
Ours,64,0.3988800414860736,0.4445515048698105,0.49563730964092173,0.5860628394652956,0.913809909276498,1.3224704142148946,0.0035981641466728,Mean over floored retirement-age wealth outcomes from age 65 through 90. Start age 20 begins at 0; later starts begin at 1. Each start uses its own constant annual contribution through age 65.
Ours,65,0.393219013676253,0.4364629545010116,0.4849683081436098,0.5700284177443875,0.8764980304443373,1.254504339633735,0.0034067011704882,Mean over floored retirement-age wealth outcomes from age 65 through 90. Start age 20 begins at 0; later starts begin at 1. Each start uses its own constant annual contribution through age 65.
Vanguard,20,43.11528994197767,52.165200966918555,64.04672017069919,86.63659101862264,176.001542700523,339.7983270429512,1.0,Mean over floored retirement-age wealth outcomes from age 65 through 90. Start age 20 begins at 0; later starts begin at 1. Each start uses its own constant annual contribution through age 65.
Vanguard,21,39.78302734687296,48.13190026859851,59.093525562520696,79.9331074344294,162.444820443886,313.65599709406536,0.922387417726932,Mean over floored retirement-age wealth outcomes from age 65 through 90. Start age 20 begins at 0; later starts begin at 1. Each start uses its own constant annual contribution through age 65.
Vanguard,22,19.118761278437134,23.12256567501324,28.38822906383368,38.40015533454634,78.08481592078094,150.80253871431137,0.442857926282682,Mean over floored retirement-age wealth outcomes from age 65 through 90. Start age 20 begins at 0; later starts begin at 1. Each start uses its own constant annual contribution through age 65.
Vanguard,23,12.244679923561135,14.821325875071668,18.200650979400255,24.62523147610148,50.085695426746234,96.76443509229877,0.2837255092102926,Mean over floored retirement-age wealth outcomes from age 65 through 90. Start age 20 begins at 0; later starts begin at 1. Each start uses its own constant annual contribution through age 65.
Vanguard,24,8.822331821458224,10.685583819102618,13.140814447130708,17.795021875600497,36.172373715711075,69.93241260235035,0.2046268469493182,Mean over floored retirement-age wealth outcomes from age 65 through 90. Start age 20 begins at 0; later starts begin at 1. Each start uses its own constant annual contribution through age 65.
Vanguard,25,6.80985860754607,8.245349331047112,10.136953420774686,13.717574443078993,27.865044075401617,53.9215897520498,0.1573851922966463,Mean over floored retirement-age wealth outcomes from age 65 through 90. Start age 20 begins at 0; later starts begin at 1. Each start uses its own constant annual contribution through age 65.
Vanguard,26,5.485760182362886,6.634965253091579,8.151171119779791,11.02906552271531,22.39283863301258,43.314485946351404,0.126207841922962,Mean over floored retirement-age wealth outcomes from age 65 through 90. Start age 20 begins at 0; later starts begin at 1. Each start uses its own constant annual contribution through age 65.
Vanguard,27,4.539681633441014,5.488316241545396,6.736522171376794,9.11709982115844,18.494453234789713,35.740532595073105,0.1039389453852819,Mean over floored retirement-age wealth outcomes from age 65 through 90. Start age 20 begins at 0; later starts begin at 1. Each start uses its own constant annual contribution through age 65.
Vanguard,28,3.827792567413885,4.6365267891612545,5.6897168306699495,7.69016960507882,15.60577808699238,30.122006231689788,0.0874159031371248,Mean over floored retirement-age wealth outcomes from age 65 through 90. Start age 20 begins at 0; later starts begin at 1. Each start uses its own constant annual contribution through age 65.
Vanguard,29,3.2714571975085556,3.9660258988038066,4.871401848401539,6.5791602336206605,13.353779946039914,25.74412230274775,0.0745814866148723,Mean over floored retirement-age wealth outcomes from age 65 through 90. Start age 20 begins at 0; later starts begin at 1. Each start uses its own constant annual contribution through age 65.
Vanguard,30,2.8366395584791557,3.4432574698845517,4.227965165215288,5.710625844419415,11.568479567327568,22.25447229916497,0.0643670745766518,Mean over floored retirement-age wealth outcomes from age 65 through 90. Start age 20 begins at 0; later starts begin at 1. Each start uses its own constant annual contribution through age 65.
Vanguard,31,2.4869804566025313,3.0092386196601293,3.6915614436526116,5.001954179320582,10.120818886290534,19.444280614428685,0.056022036197154,Mean over floored retirement-age wealth outcomes from age 65 through 90. Start age 20 begins at 0; later starts begin at 1. Each start uses its own constant annual contribution through age 65.
Vanguard,32,2.2000298795627797,2.665319827139229,3.2716549612709707,4.428508924410705,8.952773046179475,17.132360746364455,0.0492554505854136,Mean over floored retirement-age wealth outcomes from age 65 through 90. Start age 20 begins at 0; later starts begin at 1. Each start uses its own constant annual contribution through age 65.
Vanguard,33,1.9843657652636324,2.4029022880181348,2.940245000016489,3.9615057999027274,7.978081052982489,15.190367237090742,0.0436076643051984,Mean over floored retirement-age wealth outcomes from age 65 through 90. Start age 20 begins at 0; later starts begin at 1. Each start uses its own constant annual contribution through age 65.
Vanguard,34,1.7834628196762745,2.1558145792798813,2.637594174429883,3.551719974086249,7.152955018978379,13.540715479672919,0.0388050714004152,Mean over floored retirement-age wealth outcomes from age 65 through 90. Start age 20 begins at 0; later starts begin at 1. Each start uses its own constant annual contribution through age 65.
Vanguard,35,1.603801124184415,1.9391383670609335,2.3713202852246065,3.19563360961994,6.440865519847573,12.148644992225169,0.0346932619842955,Mean over floored retirement-age wealth outcomes from age 65 through 90. Start age 20 begins at 0; later starts begin at 1. Each start uses its own constant annual contribution through age 65.
Vanguard,36,1.4644888967288572,1.7641667909858407,2.1535627866341263,2.8992909480981166,5.811231888188942,10.931168004421334,0.0311137861434605,Mean over floored retirement-age wealth outcomes from age 65 through 90. Start age 20 begins at 0; later starts begin at 1. Each start uses its own constant annual contribution through age 65.
Vanguard,37,1.3300354223921476,1.5976098433968717,1.94995481644432,2.63470815233929,5.271127773198303,9.857417913140639,0.0279823840675537,Mean over floored retirement-age wealth outcomes from age 65 through 90. Start age 20 begins at 0; later starts begin at 1. Each start uses its own constant annual contribution through age 65.
Vanguard,38,1.219566877505007,1.4645892830623164,1.7869212058276094,2.4117109590810477,4.798972058431243,8.926775860012642,0.0252717367121662,Mean over floored retirement-age wealth outcomes from age 65 through 90. Start age 20 begins at 0; later starts begin at 1. Each start uses its own constant annual contribution through age 65.
Vanguard,39,1.1351549617425745,1.3569506161809635,1.6479635257063807,2.2108333944995886,4.385853139146395,8.10407404277631,0.0228971656423944,Mean over floored retirement-age wealth outcomes from age 65 through 90. Start age 20 begins at 0; later starts begin at 1. Each start uses its own constant annual contribution through age 65.
Vanguard,40,1.0520228644335445,1.2615854421806725,1.5305023367883335,2.0426181333127365,4.021916197335081,7.376900246615365,0.02080868214288,Mean over floored retirement-age wealth outcomes from age 65 through 90. Start age 20 begins at 0; later starts begin at 1. Each start uses its own constant annual contribution through age 65.
Vanguard,41,0.9746001014206442,1.172480135874238,1.426030666474727,1.9008235550320483,3.7023281174157177,6.71598487598436,0.0189528859381982,Mean over floored retirement-age wealth outcomes from age 65 through 90. Start age 20 begins at 0; later starts begin at 1. Each start uses its own constant annual contribution through age 65.
Vanguard,42,0.9089002185136109,1.0862484097022145,1.3180860058694002,1.755071480738302,3.407520448837933,6.149614889354762,0.0172989367745572,Mean over floored retirement-age wealth outcomes from age 65 through 90. Start age 20 begins at 0; later starts begin at 1. Each start uses its own constant annual contribution through age 65.
Vanguard,43,0.8513977289080363,1.0173904865202559,1.2360463343799777,1.64085008265544,3.1568307564084117,5.645334504184588,0.0158494041754015,Mean over floored retirement-age wealth outcomes from age 65 through 90. Start age 20 begins at 0; later starts begin at 1. Each start uses its own constant annual contribution through age 65.
Vanguard,44,0.8051551551579964,0.9609993547804307,1.1634388153056558,1.5357892862401648,2.932053974982786,5.186805229359542,0.0145523254086888,Mean over floored retirement-age wealth outcomes from age 65 through 90. Start age 20 begins at 0; later starts begin at 1. Each start uses its own constant annual contribution through age 65.
Vanguard,45,0.7597217352697295,0.9026635213420253,1.0881603462712055,1.4313434283125315,2.717949235374403,4.77183238076387,0.0133481164644708,Mean over floored retirement-age wealth outcomes from age 65 through 90. Start age 20 begins at 0; later starts begin at 1. Each start uses its own constant annual contribution through age 65.
Vanguard,46,0.7171914860250403,0.8512393369048811,1.0230736075923574,1.3385590543801151,2.5233850073736246,4.397397575084652,0.0122636688997595,Mean over floored retirement-age wealth outcomes from age 65 through 90. Start age 20 begins at 0; later starts begin at 1. Each start uses its own constant annual contribution through age 65.
Vanguard,47,0.6812847878774384,0.806561971638511,0.9674458712762362,1.2623933803170087,2.3558607279904056,4.068196460735107,0.0113158761375511,Mean over floored retirement-age wealth outcomes from age 65 through 90. Start age 20 begins at 0; later starts begin at 1. Each start uses its own constant annual contribution through age 65.
Vanguard,48,0.6450042537198856,0.7610700332567865,0.9111723832399902,1.1870083226281143,2.197972394769871,3.760524669571227,0.0104322303552679,Mean over floored retirement-age wealth outcomes from age 65 through 90. Start age 20 begins at 0; later starts begin at 1. Each start uses its own constant annual contribution through age 65.
Vanguard,49,0.6092080380281348,0.7199092842920931,0.8604106894402798,1.117124141385629,2.0529571458688824,3.4793320310947853,0.0096275281695293,Mean over floored retirement-age wealth outcomes from age 65 through 90. Start age 20 begins at 0; later starts begin at 1. Each start uses its own constant annual contribution through age 65.
Vanguard,50,0.5852791384928692,0.6898632158373343,0.8209598898157261,1.0570608409023285,1.9244552998924074,3.2327180230827257,0.0089248538715446,Mean over floored retirement-age wealth outcomes from age 65 through 90. Start age 20 begins at 0; later starts begin at 1. Each start uses its own constant annual contribution through age 65.
Vanguard,51,0.5645756010632671,0.6602125468669904,0.7826370537533609,1.003192372871081,1.809546912645705,3.015156032863881,0.0083108466220378,Mean over floored retirement-age wealth outcomes from age 65 through 90. Start age 20 begins at 0; later starts begin at 1. Each start uses its own constant annual contribution through age 65.
Vanguard,52,0.537844434981017,0.6311591319233141,0.7473545721837761,0.9526037421956394,1.7044364135094034,2.81461323214975,0.0077417840987661,Mean over floored retirement-age wealth outcomes from age 65 through 90. Start age 20 begins at 0; later starts begin at 1. Each start uses its own constant annual contribution through age 65.
Vanguard,53,0.5183716937329593,0.6050853138979396,0.7141398521596591,0.9045094724779439,1.6071198107692335,2.6274707672486572,0.0072129865781145,Mean over floored retirement-age wealth outcomes from age 65 through 90. Start age 20 begins at 0; later starts begin at 1. Each start uses its own constant annual contribution through age 65.
Vanguard,54,0.502452892578001,0.5825048035730057,0.6828822773414459,0.8593319715567388,1.5132978538527806,2.4499223490956643,0.0067110089577207,Mean over floored retirement-age wealth outcomes from age 65 through 90. Start age 20 begins at 0; later starts begin at 1. Each start uses its own constant annual contribution through age 65.
Vanguard,55,0.4852087935326107,0.5611311045707187,0.6539047363880536,0.8179283646075202,1.4300605109954674,2.2911426344527155,0.0062623719844265,Mean over floored retirement-age wealth outcomes from age 65 through 90. Start age 20 begins at 0; later starts begin at 1. Each start uses its own constant annual contribution through age 65.
Vanguard,56,0.46531282250338474,0.5389602478028578,0.626731801116378,0.780618750002723,1.3527003906640698,2.147343389040193,0.0058556155002927,Mean over floored retirement-age wealth outcomes from age 65 through 90. Start age 20 begins at 0; later starts begin at 1. Each start uses its own constant annual contribution through age 65.
Vanguard,57,0.45384563783505916,0.5212089183227335,0.6030695860919562,0.7470798589611837,1.280630160486494,2.0125416228060407,0.0054821167013118,Mean over floored retirement-age wealth outcomes from age 65 through 90. Start age 20 begins at 0; later starts begin at 1. Each start uses its own constant annual contribution through age 65.
Vanguard,58,0.44519743451844207,0.5081915542692397,0.5835629474071702,0.7181559147849023,1.2167967948941043,1.88814516983136,0.0051484821617498,Mean over floored retirement-age wealth outcomes from age 65 through 90. Start age 20 begins at 0; later starts begin at 1. Each start uses its own constant annual contribution through age 65.
Vanguard,59,0.4368191503631801,0.4955413868186842,0.5659487936285925,0.6906336992536096,1.1539145377824618,1.7724661724018653,0.0048344652921329,Mean over floored retirement-age wealth outcomes from age 65 through 90. Start age 20 begins at 0; later starts begin at 1. Each start uses its own constant annual contribution through age 65.
Vanguard,60,0.42536992787168393,0.4818346668793398,0.5477762614267709,0.6655001060657633,1.097923338092354,1.6690446998582993,0.0045492077099728,Mean over floored retirement-age wealth outcomes from age 65 through 90. Start age 20 begins at 0; later starts begin at 1. Each start uses its own constant annual contribution through age 65.
Vanguard,61,0.4194024226631281,0.47255813223722626,0.5345601857462428,0.6452203237180298,1.0482465700141192,1.5698251760809834,0.0042815898119503,Mean over floored retirement-age wealth outcomes from age 65 through 90. Start age 20 begins at 0; later starts begin at 1. Each start uses its own constant annual contribution through age 65.
Vanguard,62,0.41194045118096717,0.46068087755758014,0.5191598644671332,0.6237994057994029,0.999645879735424,1.4810918720250539,0.0040365429794659,Mean over floored retirement-age wealth outcomes from age 65 through 90. Start age 20 begins at 0; later starts begin at 1. Each start uses its own constant annual contribution through age 65.
Vanguard,63,0.4065942880832141,0.45291107017427534,0.5066720053079956,0.6032369775325125,0.95441041540342,1.398609618877594,0.0038060269698794,Mean over floored retirement-age wealth outcomes from age 65 through 90. Start age 20 begins at 0; later starts begin at 1. Each start uses its own constant annual contribution through age 65.
Vanguard,64,0.39812274412364246,0.44402571639794447,0.4951855150906936,0.586754704327029,0.9155610885187209,1.3247217979013066,0.0035981641466728,Mean over floored retirement-age wealth outcomes from age 65 through 90. Start age 20 begins at 0; later starts begin at 1. Each start uses its own constant annual contribution through age 65.
Vanguard,65,0.3921328009122157,0.435400906538544,0.48430446425894214,0.5700951369557998,0.8774885614928992,1.256474335507065,0.0034067011704882,Mean over floored retirement-age wealth outcomes from age 65 through 90. Start age 20 begins at 0; later starts begin at 1. Each start uses its own constant annual contribution through age 65.
Fidelity,20,43.243743596952974,52.542250934809154,64.79470159956028,88.20943899740044,182.79375761171775,363.66758813902777,1.0,Mean over floored retirement-age wealth outcomes from age 65 through 90. Start age 20 begins at 0; later starts begin at 1. Each start uses its own constant annual contribution through age 65.
Fidelity,21,39.903088318579535,48.47798249475332,59.777668498039816,81.37548619066243,168.69488129938858,335.6477843669631,0.922387417726932,Mean over floored retirement-age wealth outcomes from age 65 through 90. Start age 20 begins at 0; later starts begin at 1. Each start uses its own constant annual contribution through age 65.
Fidelity,22,19.165096039982238,23.279188139852092,28.707140810335805,39.0843277504729,81.07744225239207,161.33460800468507,0.442857926282682,Mean over floored retirement-age wealth outcomes from age 65 through 90. Start age 20 begins at 0; later starts begin at 1. Each start uses its own constant annual contribution through age 65.
Fidelity,23,12.266672958497916,14.912941690528196,18.40090694086507,25.06221554017085,51.98968094750079,103.4827032676475,0.2837255092102926,Mean over floored retirement-age wealth outcomes from age 65 through 90. Start age 20 begins at 0; later starts begin at 1. Each start uses its own constant annual contribution through age 65.
Fidelity,24,8.83890655171161,10.750272113163332,13.280350387513646,18.105784428953402,37.532338501467386,74.75084847597002,0.2046268469493182,Mean over floored retirement-age wealth outcomes from age 65 through 90. Start age 20 begins at 0; later starts begin at 1. Each start uses its own constant annual contribution through age 65.
Fidelity,25,6.819923203381801,8.294929477380725,10.239709858166814,13.951894537459914,28.89961425600789,57.609562497042276,0.1573851922966463,Mean over floored retirement-age wealth outcomes from age 65 through 90. Start age 20 begins at 0; later starts begin at 1. Each start uses its own constant annual contribution through age 65.
Fidelity,26,5.4948787842972955,6.674525968668826,8.229266068883325,11.214614805541526,23.21286279053916,46.244041104641255,0.126207841922962,Mean over floored retirement-age wealth outcomes from age 65 through 90. Start age 20 begins at 0; later starts begin at 1. Each start uses its own constant annual contribution through age 65.
Fidelity,27,4.545930225949157,5.5194803452525125,6.80127817379377,9.265155848020333,19.159769981803525,38.128302346050226,0.1039389453852819,Mean over floored retirement-age wealth outcomes from age 65 through 90. Start age 20 begins at 0; later starts begin at 1. Each start uses its own constant annual contribution through age 65.
Fidelity,28,3.8310474513047437,4.661248068174158,5.7430654804854,7.808434714863533,16.159174454437057,32.109493045030575,0.0874159031371248,Mean over floored retirement-age wealth outcomes from age 65 through 90. Start age 20 begins at 0; later starts begin at 1. Each start uses its own constant annual contribution through age 65.
Fidelity,29,3.270308166946923,3.98481365921947,4.915142428628416,6.678743071276122,13.818356100560221,27.414617200712524,0.0745814866148723,Mean over floored retirement-age wealth outcomes from age 65 through 90. Start age 20 begins at 0; later starts begin at 1. Each start uses its own constant annual contribution through age 65.
Fidelity,30,2.8330432498728984,3.4576108921115005,4.26566575326539,5.793532481871292,11.960981059115888,23.676908954787226,0.0643670745766518,Mean over floored retirement-age wealth outcomes from age 65 through 90. Start age 20 begins at 0; later starts begin at 1. Each start uses its own constant annual contribution through age 65.
Fidelity,31,2.4841183942621843,3.0201287547659366,3.721923617434953,5.070269181036461,10.456774355754119,20.666252653433585,0.056022036197154,Mean over floored retirement-age wealth outcomes from age 65 through 90. Start age 20 begins at 0; later starts begin at 1. Each start uses its own constant annual contribution through age 65.
Fidelity,32,2.1963303254699365,2.6737295724167285,3.2955384025828027,4.486997220408404,9.243059486873797,18.189590099266095,0.0492554505854136,Mean over floored retirement-age wealth outcomes from age 65 through 90. Start age 20 begins at 0; later starts begin at 1. Each start uses its own constant annual contribution through age 65.
Fidelity,33,1.9820740535867587,2.409601851534888,2.961470100753204,4.012030736367132,8.230375925299738,16.107093328231418,0.0436076643051984,Mean over floored retirement-age wealth outcomes from age 65 through 90. Start age 20 begins at 0; later starts begin at 1. Each start uses its own constant annual contribution through age 65.
Fidelity,34,1.7813855249010204,2.1619698974196577,2.6537577102560963,3.593622957609729,7.373261355477325,14.340968784113464,0.0388050714004152,Mean over floored retirement-age wealth outcomes from age 65 through 90. Start age 20 begins at 0; later starts begin at 1. Each start uses its own constant annual contribution through age 65.
Fidelity,35,1.600912190899522,1.9443148675225344,2.383781598575533,3.230156494978551,6.634133810143732,12.849749583109979,0.0346932619842955,Mean over floored retirement-age wealth outcomes from age 65 through 90. Start age 20 begins at 0; later starts begin at 1. Each start uses its own constant annual contribution through age 65.
Fidelity,36,1.461507190179884,1.7682166933518089,2.165873379888963,2.929069891446787,5.980012445600415,11.546059237494934,0.0311137861434605,Mean over floored retirement-age wealth outcomes from age 65 through 90. Start age 20 begins at 0; later starts begin at 1. Each start uses its own constant annual contribution through age 65.
Fidelity,37,1.3261922193947837,1.6005917083976817,1.9614284468239498,2.6610759712835224,5.4205491943035575,10.40020620927419,0.0279823840675537,Mean over floored retirement-age wealth outcomes from age 65 through 90. Start age 20 begins at 0; later starts begin at 1. Each start uses its own constant annual contribution through age 65.
Fidelity,38,1.2158027986328432,1.4669175623733937,1.7964926231298752,2.4361722436730777,4.931308753485937,9.407115643810087,0.0252717367121662,Mean over floored retirement-age wealth outcomes from age 65 through 90. Start age 20 begins at 0; later starts begin at 1. Each start uses its own constant annual contribution through age 65.
Fidelity,39,1.129295000431816,1.35712307841271,1.6547814615724574,2.2327512027005447,4.5041887209954234,8.532000445046405,0.0228971656423944,Mean over floored retirement-age wealth outcomes from age 65 through 90. Start age 20 begins at 0; later starts begin at 1. Each start uses its own constant annual contribution through age 65.
Fidelity,40,1.0458471856599032,1.2608401107688534,1.5357386230976044,2.060941623916965,4.127859456343864,7.761526675897711,0.02080868214288,Mean over floored retirement-age wealth outcomes from age 65 through 90. Start age 20 begins at 0; later starts begin at 1. Each start uses its own constant annual contribution through age 65.
Fidelity,41,0.968422989901245,1.169790416734798,1.4293945073477752,1.916053345053836,3.798254814789001,7.063895507472197,0.0189528859381982,Mean over floored retirement-age wealth outcomes from age 65 through 90. Start age 20 begins at 0; later starts begin at 1. Each start uses its own constant annual contribution through age 65.
Fidelity,42,0.9017324215014386,1.0829259403431981,1.3189827900474411,1.7669985561757398,3.493493363784583,6.463797802435185,0.0172989367745572,Mean over floored retirement-age wealth outcomes from age 65 through 90. Start age 20 begins at 0; later starts begin at 1. Each start uses its own constant annual contribution through age 65.
Fidelity,43,0.8428743178834411,1.0137420206071588,1.236028603023273,1.6506920559206384,3.233851053526295,5.926970365652646,0.0158494041754015,Mean over floored retirement-age wealth outcomes from age 65 through 90. Start age 20 begins at 0; later starts begin at 1. Each start uses its own constant annual contribution through age 65.
Fidelity,44,0.796346514733564,0.9558455125115605,1.1620602664237996,1.5436980821594442,3.0004249792473106,5.435715160551167,0.0145523254086888,Mean over floored retirement-age wealth outcomes from age 65 through 90. Start age 20 begins at 0; later starts begin at 1. Each start uses its own constant annual contribution through age 65.
Fidelity,45,0.7522283051391265,0.8974490367515404,1.0856459552821907,1.4380344096661504,2.777679688463141,4.989206592529768,0.0133481164644708,Mean over floored retirement-age wealth outcomes from age 65 through 90. Start age 20 begins at 0; later starts begin at 1. Each start uses its own constant annual contribution through age 65.
Fidelity,46,0.7100037320711384,0.845794473302618,1.020819828909381,1.3440311879347258,2.574932367440898,4.5846398382111655,0.0122636688997595,Mean over floored retirement-age wealth outcomes from age 65 through 90. Start age 20 begins at 0; later starts begin at 1. Each start uses its own constant annual contribution through age 65.
Fidelity,47,0.6738625885953837,0.8010436891667175,0.9645522976012154,1.2671686615422986,2.400329242082471,4.230309999715708,0.0113158761375511,Mean over floored retirement-age wealth outcomes from age 65 through 90. Start age 20 begins at 0; later starts begin at 1. Each start uses its own constant annual contribution through age 65.
Fidelity,48,0.6380381170949571,0.7555376951687702,0.9086654071722117,1.1912251531625688,2.235837520031947,3.900120435417235,0.0104322303552679,Mean over floored retirement-age wealth outcomes from age 65 through 90. Start age 20 begins at 0; later starts begin at 1. Each start uses its own constant annual contribution through age 65.
Fidelity,49,0.6026025178060185,0.7147530895204854,0.8575045799425622,1.1207514808278782,2.085244156939925,3.5988199075917837,0.0096275281695293,Mean over floored retirement-age wealth outcomes from age 65 through 90. Start age 20 begins at 0; later starts begin at 1. Each start uses its own constant annual contribution through age 65.
Fidelity,50,0.5793841318410096,0.6847689773129839,0.8186336090116982,1.0604178506170692,1.9521416714710347,3.33546297731045,0.0089248538715446,Mean over floored retirement-age wealth outcomes from age 65 through 90. Start age 20 begins at 0; later starts begin at 1. Each start uses its own constant annual contribution through age 65.
Fidelity,51,0.5594370651961724,0.6562492659500104,0.7810804152075052,1.0064226861362635,1.8331482051633705,3.104372177479645,0.0083108466220378,Mean over floored retirement-age wealth outcomes from age 65 through 90. Start age 20 begins at 0; later starts begin at 1. Each start uses its own constant annual contribution through age 65.
Fidelity,52,0.5333058959978967,0.627989953056291,0.7462298758331,0.9551189502074604,1.7248829171697404,2.891779091066844,0.0077417840987661,Mean over floored retirement-age wealth outcomes from age 65 through 90. Start age 20 begins at 0; later starts begin at 1. Each start uses its own constant annual contribution through age 65.
Fidelity,53,0.5135206580568652,0.6015394866526157,0.7124700760653179,0.9057142164420472,1.6244026954179458,2.6941315579948184,0.0072129865781145,Mean over floored retirement-age wealth outcomes from age 65 through 90. Start age 20 begins at 0; later starts begin at 1. Each start uses its own constant annual contribution through age 65.
Fidelity,54,0.49832876555255956,0.5796703389270519,0.6813094881302102,0.860874507214777,1.5278905584891833,2.5067281187501647,0.0067110089577207,Mean over floored retirement-age wealth outcomes from age 65 through 90. Start age 20 begins at 0; later starts begin at 1. Each start uses its own constant annual contribution through age 65.
Fidelity,55,0.4813143411554585,0.5581379708573071,0.6524652668733376,0.8190263563437876,1.4427906328057527,2.339944434592071,0.0062623719844265,Mean over floored retirement-age wealth outcomes from age 65 through 90. Start age 20 begins at 0; later starts begin at 1. Each start uses its own constant annual contribution through age 65.
Fidelity,56,0.46063166730908817,0.5354123346192502,0.6250771416628846,0.7815129184808909,1.3637088815460752,2.1893205924175665,0.0058556155002927,Mean over floored retirement-age wealth outcomes from age 65 through 90. Start age 20 begins at 0; later starts begin at 1. Each start uses its own constant annual contribution through age 65.
Fidelity,57,0.44982992819877377,0.5186787234837408,0.6016010578773362,0.7480340153734579,1.2899947623514985,2.0482277550710712,0.0054821167013118,Mean over floored retirement-age wealth outcomes from age 65 through 90. Start age 20 begins at 0; later starts begin at 1. Each start uses its own constant annual contribution through age 65.
Fidelity,58,0.44178800611733454,0.5060524862182706,0.5829151106967143,0.7193264545156238,1.225136381534158,1.9185928526759177,0.0051484821617498,Mean over floored retirement-age wealth outcomes from age 65 through 90. Start age 20 begins at 0; later starts begin at 1. Each start uses its own constant annual contribution through age 65.
Fidelity,59,0.4330912791330653,0.49354840534987143,0.5652714004361319,0.6914836118560697,1.161064849791552,1.798675247421309,0.0048344652921329,Mean over floored retirement-age wealth outcomes from age 65 through 90. Start age 20 begins at 0; later starts begin at 1. Each start uses its own constant annual contribution through age 65.
Fidelity,60,0.42120301745971644,0.4786975045697417,0.5459404816416874,0.6652383449653174,1.103732956227082,1.692038282976431,0.0045492077099728,Mean over floored retirement-age wealth outcomes from age 65 through 90. Start age 20 begins at 0; later starts begin at 1. Each start uses its own constant annual contribution through age 65.
Fidelity,61,0.4153972204560293,0.46938067924800936,0.5323004210130718,0.644256817855244,1.0527171296727096,1.5900133315043627,0.0042815898119503,Mean over floored retirement-age wealth outcomes from age 65 through 90. Start age 20 begins at 0; later starts begin at 1. Each start uses its own constant annual contribution through age 65.
Fidelity,62,0.40829101931908923,0.4578010700982499,0.5168841980841831,0.6221167110122987,1.0029876641046944,1.4978516185100579,0.0040365429794659,Mean over floored retirement-age wealth outcomes from age 65 through 90. Start age 20 begins at 0; later starts begin at 1. Each start uses its own constant annual contribution through age 65.
Fidelity,63,0.40336559372989655,0.4501816950826582,0.5037497686068214,0.6008955681957321,0.9568428277299511,1.4114367615034253,0.0038060269698794,Mean over floored retirement-age wealth outcomes from age 65 through 90. Start age 20 begins at 0; later starts begin at 1. Each start uses its own constant annual contribution through age 65.
Fidelity,64,0.3954442499218276,0.4410190186227031,0.4921749224693388,0.5844549899336459,0.9171317860752677,1.3336439567063456,0.0035981641466728,Mean over floored retirement-age wealth outcomes from age 65 through 90. Start age 20 begins at 0; later starts begin at 1. Each start uses its own constant annual contribution through age 65.
Fidelity,65,0.39092967227812586,0.4341345340385287,0.482808401733216,0.5686790226464967,0.8782321960310094,1.2607559173594833,0.0034067011704882,Mean over floored retirement-age wealth outcomes from age 65 through 90. Start age 20 begins at 0; later starts begin at 1. Each start uses its own constant annual contribution through age 65.
Best Random,20,41.916102253328525,50.05330148071581,60.56256953758088,80.28085405872525,154.48859057119654,280.9122456407102,1.0,Mean over floored retirement-age wealth outcomes from age 65 through 90. Start age 20 begins at 0; later starts begin at 1. Each start uses its own constant annual contribution through age 65.
Best Random,21,38.66875804075546,46.18194920419839,55.871043728607255,74.05867495331016,142.55895960569762,259.2350668884847,0.922387417726932,Mean over floored retirement-age wealth outcomes from age 65 through 90. Start age 20 begins at 0; later starts begin at 1. Each start uses its own constant annual contribution through age 65.
Best Random,22,18.579191917854892,22.18259671747967,26.833914961995735,35.572532548119746,68.50325470217868,124.58798891970159,0.442857926282682,Mean over floored retirement-age wealth outcomes from age 65 through 90. Start age 20 begins at 0; later starts begin at 1. Each start uses its own constant annual contribution through age 65.
Best Random,23,11.90049069330193,14.217137722634687,17.202424028918305,22.80888764387369,43.92558100115833,79.90605097811951,0.2837255092102926,Mean over floored retirement-age wealth outcomes from age 65 through 90. Start age 20 begins at 0; later starts begin at 1. Each start uses its own constant annual contribution through age 65.
Best Random,24,8.573974477942535,10.249169388302398,12.415634708436155,16.475546603711116,31.719961188691585,57.720795552804525,0.2046268469493182,Mean over floored retirement-age wealth outcomes from age 65 through 90. Start age 20 begins at 0; later starts begin at 1. Each start uses its own constant annual contribution through age 65.
Best Random,25,6.615011817280578,7.9067470452512145,9.577999221064843,12.698730845302283,24.432036396878217,44.48701471582331,0.1573851922966463,Mean over floored retirement-age wealth outcomes from age 65 through 90. Start age 20 begins at 0; later starts begin at 1. Each start uses its own constant annual contribution through age 65.
Best Random,26,5.328932920055082,6.361961475951304,7.702722180538539,10.211532226814997,19.636057280990528,35.72634894104725,0.126207841922962,Mean over floored retirement-age wealth outcomes from age 65 through 90. Start age 20 begins at 0; later starts begin at 1. Each start uses its own constant annual contribution through age 65.
Best Random,27,4.411250446622422,5.262325462088664,6.368362112908148,8.442921611161676,16.22011256254695,29.478361894286593,0.1039389453852819,Mean over floored retirement-age wealth outcomes from age 65 through 90. Start age 20 begins at 0; later starts begin at 1. Each start uses its own constant annual contribution through age 65.
Best Random,28,3.722729108205584,4.449551540839178,5.381432331132542,7.127422577840359,13.691587075588854,24.849267237654892,0.0874159031371248,Mean over floored retirement-age wealth outcomes from age 65 through 90. Start age 20 begins at 0; later starts begin at 1. Each start uses its own constant annual contribution through age 65.
Best Random,29,3.1835995310560765,3.8115595514183793,4.612207668446822,6.102813933815815,11.72571214629226,21.25089313263029,0.0745814866148723,Mean over floored retirement-age wealth outcomes from age 65 through 90. Start age 20 begins at 0; later starts begin at 1. Each start uses its own constant annual contribution through age 65.
Best Random,30,2.764333959577567,3.3109524007968116,4.008156658433108,5.302914926501908,10.16928816695349,18.388341207308486,0.0643670745766518,Mean over floored retirement-age wealth outcomes from age 65 through 90. Start age 20 begins at 0; later starts begin at 1. Each start uses its own constant annual contribution through age 65.
Best Random,31,2.4255866399557844,2.897390508499945,3.506964974364168,4.651660686080553,8.907972870456206,16.08427711284581,0.056022036197154,Mean over floored retirement-age wealth outcomes from age 65 through 90. Start age 20 begins at 0; later starts begin at 1. Each start uses its own constant annual contribution through age 65.
Best Random,32,2.149437684178715,2.571599175012921,3.1127373184009923,4.124258791725248,7.890974919687474,14.197939961549004,0.0492554505854136,Mean over floored retirement-age wealth outcomes from age 65 through 90. Start age 20 begins at 0; later starts begin at 1. Each start uses its own constant annual contribution through age 65.
Best Random,33,1.9407087790649014,2.3202800458036936,2.80143363959633,3.695784965929143,7.044521369813554,12.617445033839802,0.0436076643051984,Mean over floored retirement-age wealth outcomes from age 65 through 90. Start age 20 begins at 0; later starts begin at 1. Each start uses its own constant annual contribution through age 65.
Best Random,34,1.7486405361085426,2.0869916538021154,2.5169465898390055,3.3198187828060886,6.327919314692087,11.27901888652736,0.0388050714004152,Mean over floored retirement-age wealth outcomes from age 65 through 90. Start age 20 begins at 0; later starts begin at 1. Each start uses its own constant annual contribution through age 65.
Best Random,35,1.576055522509396,1.881927333916516,2.2702296761777983,2.997035335228696,5.7129255036695685,10.150859975595434,0.0346932619842955,Mean over floored retirement-age wealth outcomes from age 65 through 90. Start age 20 begins at 0; later starts begin at 1. Each start uses its own constant annual contribution through age 65.
Best Random,36,1.4424512384272272,1.7173814365054763,2.0670253872697413,2.724496424316811,5.171628319165706,9.167056387491753,0.0311137861434605,Mean over floored retirement-age wealth outcomes from age 65 through 90. Start age 20 begins at 0; later starts begin at 1. Each start uses its own constant annual contribution through age 65.
Best Random,37,1.3154385655399083,1.5617766662007933,1.8789396646144216,2.4828492090660768,4.706285064297027,8.302597539725884,0.0279823840675537,Mean over floored retirement-age wealth outcomes from age 65 through 90. Start age 20 begins at 0; later starts begin at 1. Each start uses its own constant annual contribution through age 65.
Best Random,38,1.2068280380367418,1.4341071749022885,1.7266159125742508,2.2795286649323216,4.300833053630546,7.556470511750855,0.0252717367121662,Mean over floored retirement-age wealth outcomes from age 65 through 90. Start age 20 begins at 0; later starts begin at 1. Each start uses its own constant annual contribution through age 65.
Best Random,39,1.1247418175333137,1.331581805791578,1.5944842208416115,2.0962737123523487,3.9461757352360816,6.899659357416497,0.0228971656423944,Mean over floored retirement-age wealth outcomes from age 65 through 90. Start age 20 begins at 0; later starts begin at 1. Each start uses its own constant annual contribution through age 65.
Best Random,40,1.0459142555894552,1.2399721356775057,1.4847604554087395,1.9424206092587801,3.634604737120713,6.320194724356359,0.02080868214288,Mean over floored retirement-age wealth outcomes from age 65 through 90. Start age 20 begins at 0; later starts begin at 1. Each start uses its own constant annual contribution through age 65.
Best Random,41,0.972656876659943,1.1558463855535515,1.3858340764212245,1.8113882571844542,3.3601771680162544,5.797190755775195,0.0189528859381982,Mean over floored retirement-age wealth outcomes from age 65 through 90. Start age 20 begins at 0; later starts begin at 1. Each start uses its own constant annual contribution through age 65.
Best Random,42,0.9088650627648058,1.0736852396861978,1.2860798518885694,1.6792222240799244,3.106883549436095,5.344176455254027,0.0172989367745572,Mean over floored retirement-age wealth outcomes from age 65 through 90. Start age 20 begins at 0; later starts begin at 1. Each start uses its own constant annual contribution through age 65.
Best Random,43,0.8541822522204671,1.0091812371884084,1.2082381604037693,1.5736497706401853,2.8908947735384967,4.93947014631982,0.0158494041754015,Mean over floored retirement-age wealth outcomes from age 65 through 90. Start age 20 begins at 0; later starts begin at 1. Each start uses its own constant annual contribution through age 65.
Best Random,44,0.8093845794773196,0.9543690250062625,1.1388891149189786,1.4759021608480045,2.6964609198635374,4.570786506467709,0.0145523254086888,Mean over floored retirement-age wealth outcomes from age 65 through 90. Start age 20 begins at 0; later starts begin at 1. Each start uses its own constant annual contribution through age 65.
Best Random,45,0.762964808135724,0.8972513569538639,1.0684381497392388,1.3801975848447414,2.5116735167272872,4.2351058485325215,0.0133481164644708,Mean over floored retirement-age wealth outcomes from age 65 through 90. Start age 20 begins at 0; later starts begin at 1. Each start uses its own constant annual contribution through age 65.
Best Random,46,0.7210024670435445,0.8467849597310017,1.0063554977355047,1.2955498555301364,2.343324082806146,3.930811110468566,0.0122636688997595,Mean over floored retirement-age wealth outcomes from age 65 through 90. Start age 20 begins at 0; later starts begin at 1. Each start uses its own constant annual contribution through age 65.
Best Random,47,0.6856118725224036,0.8028431487106642,0.9528145021980798,1.2241400101379663,2.1974371713180507,3.661575985967406,0.0113158761375511,Mean over floored retirement-age wealth outcomes from age 65 through 90. Start age 20 begins at 0; later starts begin at 1. Each start uses its own constant annual contribution through age 65.
Best Random,48,0.6500794443311789,0.7594766311817474,0.8993564316468248,1.1543124634459465,2.0600456909109615,3.408898247232643,0.0104322303552679,Mean over floored retirement-age wealth outcomes from age 65 through 90. Start age 20 begins at 0; later starts begin at 1. Each start uses its own constant annual contribution through age 65.
Best Random,49,0.6160788879068868,0.7197721452140382,0.8519675665266007,1.0903892559199924,1.9333391536023474,3.1766740773080175,0.0096275281695293,Mean over floored retirement-age wealth outcomes from age 65 through 90. Start age 20 begins at 0; later starts begin at 1. Each start uses its own constant annual contribution through age 65.
Best Random,50,0.5911059903254554,0.6899313053498225,0.8137868325914014,1.0342215955520022,1.8206314503080856,2.971614080814028,0.0089248538715446,Mean over floored retirement-age wealth outcomes from age 65 through 90. Start age 20 begins at 0; later starts begin at 1. Each start uses its own constant annual contribution through age 65.
Best Random,51,0.5701746803906392,0.6616516249031821,0.7776642051360416,0.9840256336593387,1.7191734094035,2.789689231512767,0.0083108466220378,Mean over floored retirement-age wealth outcomes from age 65 through 90. Start age 20 begins at 0; later starts begin at 1. Each start uses its own constant annual contribution through age 65.
Best Random,52,0.5447047704999652,0.6335763076104133,0.743612409606891,0.9367318739159054,1.6261297869746678,2.620974095259165,0.0077417840987661,Mean over floored retirement-age wealth outcomes from age 65 through 90. Start age 20 begins at 0; later starts begin at 1. Each start uses its own constant annual contribution through age 65.
Best Random,53,0.5242362278303354,0.6074788155652653,0.7113719351351221,0.8909087893940517,1.5398166552162755,2.4628355703477776,0.0072129865781145,Mean over floored retirement-age wealth outcomes from age 65 through 90. Start age 20 begins at 0; later starts begin at 1. Each start uses its own constant annual contribution through age 65.
Best Random,54,0.5084269828411946,0.5853287907929009,0.6809813308473689,0.8485383904404542,1.4562671487335654,2.3118794244346845,0.0067110089577207,Mean over floored retirement-age wealth outcomes from age 65 through 90. Start age 20 begins at 0; later starts begin at 1. Each start uses its own constant annual contribution through age 65.
Best Random,55,0.4917420753022316,0.5643377578621471,0.6529831966587577,0.8100145741646081,1.3819366760903764,2.1760150929001196,0.0062623719844265,Mean over floored retirement-age wealth outcomes from age 65 through 90. Start age 20 begins at 0; later starts begin at 1. Each start uses its own constant annual contribution through age 65.
Best Random,56,0.4715551705382234,0.5421783649080063,0.6269236323279641,0.7747216038553126,1.3127434272443106,2.0522375722708195,0.0058556155002927,Mean over floored retirement-age wealth outcomes from age 65 through 90. Start age 20 begins at 0; later starts begin at 1. Each start uses its own constant annual contribution through age 65.
Best Random,57,0.45924672833844404,0.5246071916709014,0.6042420986454585,0.7429622104553475,1.24788389627023,1.935251203368383,0.0054821167013118,Mean over floored retirement-age wealth outcomes from age 65 through 90. Start age 20 begins at 0; later starts begin at 1. Each start uses its own constant annual contribution through age 65.
Best Random,58,0.44993630722991124,0.511524839048663,0.5854350086039708,0.715110678744357,1.1900814976773852,1.82677793520282,0.0051484821617498,Mean over floored retirement-age wealth outcomes from age 65 through 90. Start age 20 begins at 0; later starts begin at 1. Each start uses its own constant annual contribution through age 65.
Best Random,59,0.4404878157415369,0.4988293220071624,0.5679191320953889,0.6884063070800457,1.133078489264349,1.7253877779346989,0.0048344652921329,Mean over floored retirement-age wealth outcomes from age 65 through 90. Start age 20 begins at 0; later starts begin at 1. Each start uses its own constant annual contribution through age 65.
Best Random,60,0.4279755261346259,0.48430590422828534,0.5493997919621519,0.6636452119571634,1.082130229622788,1.6340437038109055,0.0045492077099728,Mean over floored retirement-age wealth outcomes from age 65 through 90. Start age 20 begins at 0; later starts begin at 1. Each start uses its own constant annual contribution through age 65.
Best Random,61,0.42094111882820723,0.4738389127807301,0.5350870360108995,0.6434304207737623,1.0365727072312887,1.545807334852154,0.0042815898119503,Mean over floored retirement-age wealth outcomes from age 65 through 90. Start age 20 begins at 0; later starts begin at 1. Each start uses its own constant annual contribution through age 65.
Best Random,62,0.41303695806772783,0.4619222286936569,0.5201430030802945,0.6223457923493533,0.9917225699173298,1.4652813484685916,0.0040365429794659,Mean over floored retirement-age wealth outcomes from age 65 through 90. Start age 20 begins at 0; later starts begin at 1. Each start uses its own constant annual contribution through age 65.
Best Random,63,0.4076881414201174,0.4543875494624763,0.507743029547803,0.6023600079095627,0.9497080268173731,1.3891291645524348,0.0038060269698794,Mean over floored retirement-age wealth outcomes from age 65 through 90. Start age 20 begins at 0; later starts begin at 1. Each start uses its own constant annual contribution through age 65.
Best Random,64,0.39938247422525625,0.44520642646248937,0.49626370072361914,0.5863207961001615,0.9129663117280582,1.3198766745672459,0.0035981641466728,Mean over floored retirement-age wealth outcomes from age 65 through 90. Start age 20 begins at 0; later starts begin at 1. Each start uses its own constant annual contribution through age 65.
Best Random,65,0.393219013676253,0.4364629545010116,0.4849683081436098,0.5700284177443875,0.8764980304443373,1.254504339633735,0.0034067011704882,Mean over floored retirement-age wealth outcomes from age 65 through 90. Start age 20 begins at 0; later starts begin at 1. Each start uses its own constant annual contribution through age 65.
