start,initial_raw_objective,initial_regularized_objective,final_raw_objective,final_regularized_objective,best_raw_objective,best_regularized_objective,canonical_objective,curvature_penalty_value,curvature_penalty_term,trace_states,early_stop,seconds
bisected,-0.0014683017961078654,-0.0014683017961078654,-0.0009577256563865019,-0.0009577256563865019,-0.0009576907913527979,-0.0009576907913527979,-0.0029205372813125314,1.6526569761070227,0.0,13,True,20.5
random_3,-0.014280294290424015,-0.014280294290424015,-0.001249823473547899,-0.001249823473547899,-0.001249823473547899,-0.001249823473547899,-0.0032126699635076543,3.6960278059574945,0.0,16,True,19.1
random_1,-0.01161090917636078,-0.01161090917636078,-0.001251172425587241,-0.001251172425587241,-0.001251172425587241,-0.001251172425587241,-0.003214018915546971,3.074955440006036,0.0,16,True,19.1
random_average,,,-0.001288550710838254,-0.001288550710838254,-0.001288550710838254,-0.001288550710838254,-0.003251397200798005,2.294005579460328,0.0,1,True,0.0
greedy,-0.008752711074143398,-0.008752711074143398,-0.001290106848003611,-0.001290106848003611,-0.001290106848003611,-0.001290106848003611,-0.0032529533379633533,0.8817129593726165,0.0,16,True,20.4
random_2,-0.010799977954710813,-0.010799977954710813,-0.0013969273388999364,-0.0013969273388999364,-0.0013969273388999364,-0.0013969273388999364,-0.0033597738288596857,3.270822201865708,0.0,16,True,20.5
random_0,-0.01055730850268937,-0.01055730850268937,-0.0014127742199704489,-0.0014127742199704489,-0.0014127742199704489,-0.0014127742199704489,-0.003375620709930192,3.5565965316580446,0.0,16,True,20.5
linear_to_stocks,-0.011723329319413991,-0.011723329319413991,-0.0018156834699597226,-0.0018156834699597226,-0.0018156834699597226,-0.0018156834699597226,-0.0037785299599194587,0.7392804587405182,0.0,16,True,19.6
constant_anchor,-0.02792295832437429,-0.02792295832437429,-0.006180415077639583,-0.006180415077639583,-0.006180415077639583,-0.006180415077639583,-0.008143261567599328,0.42798242892135185,0.0,16,True,19.9
